Borough,YEAR,Total housing units,Occupied housing units,Vacant housing units,"1-unit, detached","1-unit, attached",2 units,3 or 4 units,5 to 9 units,10 to 19 units,20 or more units,Mobile home,"Boat, RV, van, etc.",1 room,2 rooms,3 rooms,4 rooms,5 rooms,6 rooms,7 rooms,8 rooms,9 rooms or more,No bedroom,1 bedroom,2 bedrooms,3 bedrooms,4 bedrooms,5 or more bedrooms,Occupied housing units,Owner-occupied,Renter-occupied,Average household size of owner-occupied unit,Average household size of renter-occupied unit,No vehicles available,1 vehicle available,2 vehicles available,3 or more vehicles available,Utility gas,"Bottled, tank, or LP gas",Electricity,"Fuel oil, kerosene, etc.",Coal or coke,Wood,Solar energy,Other fuel,No fuel used,Lacking complete plumbing facilities,Lacking complete kitchen facilities,No telephone service available,1.00 or less occupants,1.01 to 1.50 occupants,1.51 or more occupants,"Properties Valued Less than $50,000","Properties Valued $50,000 to $99,999","Properties Valued $100,000 to $149,999","Properties Valued $150,000 to $199,999","Properties Valued $200,000 to $299,999","Properties Valued $300,000 to $499,999","Properties Valued $500,000 to $999,999","Properties Valued $1,000,000 or more",Propert Value Median (dollars),Owner-occupied units,Housing units with a mortgage,Housing units without a mortgage,Housing units with a mortgage (excluding units where SMOCAPI cannot be computed),OWNER COSTS AS A PERCENTAGE OF HOUSEHOLD INCOME - Less than 20.0 percent,OWNER COSTS AS A PERCENTAGE OF HOUSEHOLD INCOME - 20.0 to 24.9 percent,OWNER COSTS AS A PERCENTAGE OF HOUSEHOLD INCOME - 25.0 to 29.9 percent,OWNER COSTS AS A PERCENTAGE OF HOUSEHOLD INCOME - 30.0 to 34.9 percent,OWNER COSTS AS A PERCENTAGE OF HOUSEHOLD INCOME - - 35.0 percent or more,Housing unit without a mortgage (excluding units where SMOCAPI cannot be computed),Housing unit without a mortgage - Less than 10.0 percent,Housing unit without a mortgage - 10.0 to 14.9 percent,Housing unit without a mortgage - 15.0 to 19.9 percent,Housing unit without a mortgage - 20.0 to 24.9 percent,Housing unit without a mortgage - 25.0 to 29.9 percent,Housing unit without a mortgage - 30.0 to 34.9 percent,Housing unit without a mortgage - 35.0 percent or more,Occupied units paying rent (excluding units where GRAPI cannot be computed),GROSS RENT AS A PERCENTAGE OF HOUSEHOLD INCOME Less than 15.0 percent,GROSS RENT AS A PERCENTAGE OF HOUSEHOLD INCOME 15.0 to 19.9 percent,GROSS RENT AS A PERCENTAGE OF HOUSEHOLD INCOME 20.0 to 24.9 percent,GROSS RENT AS A PERCENTAGE OF HOUSEHOLD INCOME 25.0 to 29.9 percent,GROSS RENT AS A PERCENTAGE OF HOUSEHOLD INCOME 30.0 to 34.9 percent,GROSS RENT AS A PERCENTAGE OF HOUSEHOLD INCOME 35.0 percent or more,Major Crime Rate per 1000 Residents,Criminal Summonses Rate by Borough per 1000 Residents,    Total population,      Male,      Female,      Under 5 years,      5 to 9 years,      10 to 14 years,      15 to 19 years,      20 to 24 years,      25 to 34 years,      35 to 44 years,      45 to 54 years,      55 to 59 years,      60 to 64 years,      65 to 74 years,      75 to 84 years,      85 years and over,      Two or more races,      One race,        White,        Black or African American,        American Indian and Alaska Native,        Asian,          Asian Indian,          Chinese,          Filipino,          Japanese,          Korean,          Vietnamese,          Other Asian,        Native Hawaiian and Other Pacific Islander,        Some other race,      Two or more races,        White and Black or African American,        White and American Indian and Alaska Native,        White and Asian,        Black or African American and American Indian and Alaska Native,    Population 16 years and over,      In labor force,        Civilian labor force,          Employed,          Unemployed,        Armed Forces,      Not in labor force,    Civilian labor force,      Unemployment Rate,    Females 16 years and over,      In labor force,        Civilian labor force,          Employed,    Own children of the householder under 6 years,      All parents in family in labor force,    Own children of the householder 6 to 17 years,      All parents in family in labor force,    Workers 16 years and over,"      Car, truck, or van -- drove alone","      Car, truck, or van -- carpooled",      Public transportation (excluding taxicab),      Walked,      Other means,      Worked at home,      Mean travel time to work (minutes),      Construction,      Manufacturing,      Wholesale trade,      Retail trade,"      Transportation and warehousing, and utilities",      Information,"      Finance and insurance, and real estate and rental and leasing","      Professional, scientific, and management, and administrative and waste management services","      Educational services, and health care and social assistance","      Arts, entertainment, and recreation, and accommodation and food services","      Other services, except public administration",      Public administration,    Civilian employed population 16 years and over,      Private wage and salary workers,      Government workers,      Self-employed in own not incorporated business workers,      Unpaid family workers,    Total households,"      Less than $10,000","      $10,000 to $14,999","      $15,000 to $24,999","      $25,000 to $34,999","      $35,000 to $49,999","      $50,000 to $74,999","      $75,000 to $99,999","      $100,000 to $149,999","      $150,000 to $199,999","      $200,000 or more",      Median household income (dollars),      Mean household income (dollars),      With earnings,        Mean earnings (dollars),      With Social Security,        Mean Social Security income (dollars),      With retirement income,        Mean retirement income (dollars),      With Supplemental Security Income,        Mean Supplemental Security Income (dollars),      With cash public assistance income,        Mean cash public assistance income (dollars),      With Food Stamp/SNAP benefits in the past 12 months,"      Less than $10,000","      $10,000 to $14,999","      $15,000 to $24,999","      $25,000 to $34,999","      $35,000 to $49,999","      $50,000 to $74,999","      $75,000 to $99,999","      $100,000 to $149,999","      $150,000 to $199,999","      $200,000 or more",      Median family income (dollars),      Mean family income (dollars),      Per capita income (dollars),    Nonfamily households,      Median nonfamily income (dollars),      Mean nonfamily income (dollars),      Median earnings for workers (dollars),"      Median earnings for male full-time, year-round workers (dollars)","      Median earnings for female full-time, year-round workers (dollars)",    Civilian noninstitutionalized population,      With health insurance coverage,        With private health insurance,        With public coverage,      No health insurance coverage,      Civilian noninstitutionalized population 19 to 64 years,        In labor force:,          Employed:,            With health insurance coverage,              With private health insurance,              With public coverage,            No health insurance coverage,          Unemployed:,            With health insurance coverage,              With private health insurance,              With public coverage,            No health insurance coverage,        Not in labor force:,          With health insurance coverage,            With private health insurance,            With public coverage,          No health insurance coverage,    All families,      With related children of the householder under 18 years,        With related children of the householder under 5 years only,    Married couple families,      With related children of the householder under 18 years,        With related children of the householder under 5 years only,"    Families with female householder, no husband present",      With related children of the householder under 18 years,        With related children of the householder under 5 years only,    All people,      Under 18 years,        Related children of the householder under 18 years,          Related children of the householder under 5 years,          Related children of the householder 5 to 17 years,      18 years and over,        18 to 64 years,        65 years and over,    People in families,    Unrelated individuals 15 years and over,    Total households,      Family households (families),        With own children of the householder under 18 years,        Married-couple family,          With own children of the householder under 18 years,"        Male householder, no wife present, family",          With own children of the householder under 18 years,"        Female householder, no husband present, family",          With own children of the householder under 18 years,      Nonfamily households,        Householder living alone,          65 years and over,      Households with one or more people under 18 years,      Households with one or more people 65 years and over,    Population in households,      Householder,      Spouse,      Child,      Other relatives,      Nonrelatives,        Unmarried partner,    Males 15 years and over,      Never married,"      Now married, except separated",      Separated,      Widowed,      Divorced,    Females 15 years and over,      Never married,"      Now married, except separated",      Separated,      Widowed,      Divorced,    Number of women 15 to 50 years old who had a birth in the past 12 months,"      Unmarried women (widowed, divorced, and never married)","        Per 1,000 unmarried women","      Per 1,000 women 15 to 50 years old","      Per 1,000 women 15 to 19 years old","      Per 1,000 women 20 to 34 years old","      Per 1,000 women 35 to 50 years old",      Who are female,      Who are married,    Population 3 years and over enrolled in school,"      Nursery school, preschool",      Kindergarten,      Elementary school (grades 1-8),      High school (grades 9-12),      College or graduate school,    Population 25 years and over,      Less than 9th grade,"      9th to 12th grade, no diploma",      High school graduate (includes equivalency),"      Some college, no degree",      Associate's degree,      Bachelor's degree,      Graduate or professional degree,      Percent high school graduate or higher,      Percent bachelor's degree or higher
NYC,2018,3519453,3184496,334957,320628,239273,460326,318507,233665,230900,1709427,4519,2208,270580,248035,862961,897655,556847,343648,136936,84533,118258,316379,1036310,1120012,771768,192004,82980,3184496,1042956,2141540,2.83,2.46,1752456,1006699,324304,101037,2101345,68918,380044,510997,2744,1433,2030,47895,69090,14224,26046,55195,2895864,173153,115479,30605,13108,18564,20667,60337,218484,447909,233282,645100,1042956,588018,454938,582585,205487,74297,54927,40048,207826,448450,183157,65359,43145,32084,20260,18984,85461,2033800,284239,235647,232454,211715,190109,879636,11.01,11.01,8398748,0.48,0.52,0.06,0.05,0.06,0.05,0.06,0.18,0.14,0.13,0.06,0.06,0.08,0.05,0.02,0.04,0.96,0.42,0.24,0.01,0.14,0.03,0.07,0.01,0,0.01,0,0.02,0,0.15,0.04,0.01,0,0.01,0,6839186,0.64,0.64,0.6,0.04,0,0.37,4342954,0.06,3631711,0.59,0.59,0.56,594202,0.64,1052765,0.68,3991561,0.23,0.04,0.56,0.1,0.03,0.05,42,0.05,0.03,0.02,0.09,0.07,0.04,0.09,0.14,0.27,0.11,0.05,0.04,4093734,0.8,0.13,0.07,0,3184496,0.09,0.06,0.09,0.08,0.1,0.14,0.11,0.14,0.08,0.11,63799,101892,0.78,110706,0.27,17341,0.13,28071,0.08,9260,0.05,3438,0.19,0.06,0.04,0.08,0.08,0.11,0.15,0.12,0.16,0.08,0.13,72268,115305,39589,1291804,47113,77197,40932,56264,52107,8331976,0.93,0.59,0.44,0.07,5298864,4086389,3856716,0.9,0.74,0.19,0.1,229673,0.85,0.37,0.53,0.15,1212475,0.89,0.41,0.56,0.11,0.14,0.2,0.15,0.09,0.11,0.09,0.26,0.36,0.33,0.17,0.24,0.24,0.23,0.24,0.16,0.15,0.19,0.15,0.25,3184496,0.59,0.24,0.37,0.16,0.05,0.02,0.17,0.07,0.41,0.32,0.12,0.28,0.29,8218043,0.39,0.14,0.29,0.1,0.08,0.02,3253015,0.45,0.45,0.02,0.02,0.06,3673807,0.41,0.38,0.04,0.08,0.09,97164,0.27,19,44,8,56,39,0.74,0.58,1970678,0.07,0.05,0.39,0.19,0.31,5948745,0.09,0.08,0.24,0.13,0.06,0.23,0.16,0.83,0.39
Bronx,2018,532509,507370,25139,32229,22889,47809,40522,20169,29567,337748,621,955,39961,20304,148917,159861,91825,41168,11769,6522,12182,43859,172174,178655,108295,19726,9800,507370,93671,413699,2.94,2.69,306818,149984,38940,11628,229492,10838,60902,179811,1285,89,422,7343,17188,5171,6022,16700,443919,38612,24839,8814,1605,4058,3923,10418,30949,31150,2754,436100,93671,52567,41104,52420,16626,6300,4651,3654,21189,39788,18947,4258,3324,2439,1770,2054,6996,394088,39706,35915,40593,36722,39349,201803,13.5,16.12,1432132,0.47,0.53,0.07,0.07,0.07,0.07,0.07,0.16,0.13,0.13,0.06,0.05,0.07,0.04,0.02,0.04,0.96,0.23,0.36,0.01,0.04,0.01,0.01,0.01,0,0,0,0.01,0,0.33,0.04,0.01,0,0,0,1115777,0.6,0.6,0.54,0.06,0,0.4,666788,0.1,603526,0.56,0.55,0.5,114216,0.67,216250,0.7,579718,0.24,0.05,0.58,0.08,0.03,0.03,45.2,0.05,0.03,0.02,0.11,0.09,0.01,0.06,0.09,0.32,0.12,0.05,0.04,599204,0.81,0.14,0.05,0,507370,0.15,0.09,0.13,0.1,0.13,0.16,0.1,0.09,0.04,0.03,38467,57617,0.72,65503,0.27,14574,0.13,23834,0.13,8846,0.09,3218,0.37,0.11,0.06,0.12,0.1,0.13,0.18,0.11,0.1,0.05,0.04,46815,65777,21712,184156,23109,37402,27672,40475,40260,1410423,0.92,0.44,0.58,0.08,865873,636626,572407,0.88,0.61,0.32,0.12,64219,0.86,0.26,0.69,0.14,229247,0.89,0.26,0.7,0.11,0.24,0.33,0.3,0.13,0.17,0.18,0.37,0.48,0.43,0.27,0.38,0.38,0.39,0.37,0.24,0.24,0.25,0.25,0.38,507370,0.64,0.31,0.27,0.13,0.08,0.03,0.29,0.15,0.36,0.32,0.12,0.36,0.28,1389245,0.37,0.1,0.36,0.12,0.06,0.02,522612,0.51,0.35,0.04,0.02,0.08,611725,0.47,0.28,0.06,0.09,0.11,20945,0.5,42,56,21,84,36,0.8,0.43,393413,0.06,0.05,0.41,0.21,0.27,934391,0.13,0.14,0.28,0.17,0.08,0.13,0.07,0.73,0.21
Brooklyn,2018,1053667,969317,84350,54761,93895,182912,165442,110951,66897,377092,1415,302,55239,65431,256072,297005,178695,90404,37975,28925,43921,62779,291678,363057,233895,66983,35275,969317,296235,673082,2.97,2.47,538478,333512,78344,18983,763411,22744,79362,74886,565,317,469,9711,17852,2644,6074,17507,877595,57106,34616,6203,3279,3356,3744,11914,42989,131909,92841,759400,296235,178121,118114,176187,56467,20341,16999,11846,70534,116371,43618,18162,11571,9403,5238,5164,23215,641635,86736,72050,73519,67427,60615,281288,10.9,8.88,2582830,0.47,0.53,0.07,0.06,0.06,0.05,0.06,0.18,0.14,0.12,0.06,0.06,0.08,0.04,0.02,0.04,0.96,0.44,0.32,0,0.12,0.01,0.08,0,0,0,0,0.02,0,0.09,0.04,0.01,0,0.01,0,2050989,0.64,0.63,0.6,0.03,0,0.37,1300711,0.05,1099562,0.59,0.59,0.57,210675,0.61,351368,0.67,1209919,0.19,0.04,0.61,0.09,0.03,0.05,43.4,0.05,0.03,0.02,0.09,0.07,0.04,0.07,0.15,0.28,0.1,0.05,0.04,1237382,0.79,0.14,0.07,0,969317,0.09,0.06,0.1,0.08,0.1,0.14,0.11,0.14,0.08,0.1,61220,92542,0.78,102086,0.25,16939,0.12,25240,0.09,9350,0.05,3248,0.22,0.06,0.04,0.09,0.08,0.11,0.15,0.12,0.16,0.09,0.11,71054,103391,34709,377855,42345,69979,40764,56026,51725,2568737,0.93,0.57,0.46,0.07,1603861,1230096,1170901,0.91,0.74,0.2,0.09,59195,0.84,0.36,0.52,0.16,373765,0.9,0.37,0.6,0.1,0.15,0.21,0.16,0.12,0.14,0.11,0.24,0.33,0.31,0.19,0.26,0.26,0.25,0.26,0.17,0.16,0.22,0.17,0.26,969317,0.61,0.26,0.38,0.17,0.05,0.02,0.18,0.07,0.39,0.29,0.1,0.3,0.28,2540638,0.38,0.15,0.3,0.1,0.08,0.02,966667,0.44,0.46,0.02,0.02,0.05,1114338,0.42,0.38,0.03,0.09,0.08,30631,0.25,18,45,6,61,35,0.7,0.61,630954,0.08,0.06,0.4,0.2,0.27,1785323,0.09,0.08,0.26,0.13,0.06,0.23,0.16,0.83,0.39
Manhattan,2018,886282,752258,134024,9221,5143,9161,19451,48589,97876,695915,519,407,116677,120195,254734,207992,102662,47323,18043,8141,10515,142870,337998,257554,114497,26643,6720,752258,180208,572050,2.04,2.1,588192,143477,17446,3143,355487,15472,183951,147565,517,411,660,23511,24684,4235,8119,9471,706349,22674,23235,6334,2467,4045,1191,4666,15419,55087,90999,1013400,180208,81696,98512,80829,47189,9545,4971,3502,15622,97172,50844,12349,6194,5254,3110,2963,16458,543641,105422,71104,64087,58855,48898,195275,16.58,15.58,1628701,0.47,0.53,0.05,0.04,0.04,0.04,0.07,0.22,0.14,0.12,0.06,0.06,0.09,0.05,0.02,0.05,0.95,0.56,0.15,0.01,0.12,0.02,0.07,0.01,0.01,0.01,0,0.01,0,0.12,0.05,0.02,0,0.01,0,1418001,0.67,0.67,0.64,0.03,0,0.33,948539,0.05,753382,0.63,0.63,0.6,82436,0.67,140989,0.67,885112,0.06,0.02,0.6,0.19,0.06,0.07,32.4,0.02,0.03,0.02,0.07,0.03,0.06,0.16,0.22,0.23,0.1,0.04,0.02,901880,0.84,0.08,0.07,0,752258,0.09,0.05,0.08,0.05,0.08,0.11,0.1,0.14,0.08,0.23,85066,156633,0.78,169191,0.24,18110,0.12,33985,0.06,9031,0.03,3732,0.12,0.06,0.03,0.08,0.05,0.07,0.11,0.08,0.12,0.08,0.33,107493,216376,74911,432426,72804,110163,61224,92458,74721,1617657,0.95,0.7,0.34,0.05,1106878,879886,837916,0.94,0.85,0.11,0.06,41970,0.84,0.47,0.39,0.16,226992,0.9,0.5,0.48,0.1,0.12,0.15,0.11,0.05,0.05,0.02,0.28,0.36,0.37,0.16,0.19,0.19,0.2,0.18,0.15,0.14,0.18,0.13,0.19,752258,0.43,0.16,0.29,0.11,0.03,0.01,0.11,0.05,0.58,0.46,0.15,0.18,0.27,1568288,0.48,0.14,0.2,0.07,0.11,0.03,669701,0.51,0.39,0.02,0.02,0.06,759556,0.48,0.32,0.03,0.07,0.1,16839,0.12,6,36,1,28,54,0.78,0.42,319698,0.07,0.03,0.32,0.15,0.43,1249838,0.07,0.05,0.13,0.1,0.04,0.32,0.29,0.88,0.61
Queens,2018,865809,788110,77699,163013,71163,177611,87785,51055,34323,278961,1354,544,54893,36641,180917,207532,154368,120042,47003,28835,35578,62535,206950,281847,233079,56954,24444,788110,356970,431140,3.02,2.72,293316,314964,135145,44685,604188,17498,48658,101601,377,294,283,6462,8749,1864,5272,9580,708913,48737,30460,7812,4652,6620,10816,27634,91799,166293,41344,577400,356970,197820,159150,196491,58939,26475,19657,15015,76405,157316,57505,23945,17457,11443,7861,7390,31715,407411,46018,50677,49001,42611,37068,182036,8.35,6.45,2278906,0.49,0.52,0.06,0.05,0.06,0.05,0.06,0.16,0.14,0.14,0.07,0.06,0.09,0.05,0.02,0.04,0.96,0.37,0.18,0,0.26,0.06,0.11,0.02,0,0.02,0,0.05,0,0.14,0.04,0.01,0,0.01,0,1869987,0.64,0.64,0.61,0.03,0,0.36,1202385,0.05,974706,0.58,0.58,0.55,155921,0.65,275286,0.71,1104840,0.33,0.06,0.51,0.05,0.02,0.03,45.2,0.08,0.03,0.02,0.09,0.1,0.02,0.08,0.12,0.24,0.12,0.06,0.04,1139938,0.79,0.14,0.07,0,788110,0.06,0.04,0.08,0.08,0.11,0.17,0.13,0.17,0.08,0.08,69320,89633,0.81,93677,0.29,18027,0.15,26479,0.06,9592,0.03,3196,0.13,0.03,0.02,0.07,0.09,0.11,0.17,0.13,0.19,0.09,0.09,75797,97506,31866,248368,48292,64472,38642,50481,47396,2263248,0.91,0.59,0.41,0.09,1435224,1132073,1075959,0.87,0.7,0.19,0.13,56114,0.85,0.41,0.47,0.15,303151,0.89,0.46,0.49,0.11,0.09,0.12,0.11,0.07,0.08,0.08,0.16,0.24,0.22,0.12,0.15,0.14,0.14,0.14,0.11,0.1,0.14,0.09,0.22,788110,0.69,0.25,0.47,0.19,0.06,0.01,0.16,0.05,0.32,0.25,0.1,0.3,0.32,2250479,0.35,0.16,0.29,0.13,0.07,0.02,907135,0.39,0.51,0.02,0.02,0.06,984546,0.34,0.45,0.03,0.09,0.09,23452,0.21,15,42,6,54,37,0.71,0.71,514867,0.07,0.05,0.38,0.2,0.31,1646542,0.1,0.08,0.27,0.14,0.08,0.21,0.12,0.83,0.34
Staten Island,2018,181186,167441,13745,61404,46183,42833,5307,2901,2237,19711,610,0,3810,5464,22321,25265,29297,44711,22146,12110,16062,4336,27510,38899,82002,21698,6741,167441,115872,51569,3.03,2.3,25652,64762,54429,22598,148767,2366,7171,7134,0,322,196,868,617,310,559,1937,159088,6024,2329,1442,1105,485,993,5705,37328,63470,5344,556000,115872,77814,38058,76658,26266,11636,8649,6031,24076,37803,12243,6645,4599,3545,2281,1413,7077,47025,6357,5901,5254,6100,4179,19234,5.71,8.02,476179,0.49,0.52,0.06,0.06,0.06,0.06,0.06,0.14,0.13,0.14,0.07,0.07,0.1,0.05,0.02,0.03,0.98,0.73,0.1,0,0.1,0.02,0.05,0.01,0,0.01,0,0.02,0,0.04,0.03,0.01,0,0.01,0,384432,0.59,0.58,0.56,0.02,0,0.42,224531,0.04,200535,0.53,0.53,0.51,30954,0.59,68872,0.61,211972,0.57,0.08,0.3,0.02,0.01,0.03,47.1,0.09,0.03,0.02,0.09,0.08,0.02,0.09,0.12,0.3,0.07,0.04,0.06,215330,0.74,0.22,0.05,0,167441,0.07,0.04,0.07,0.06,0.08,0.14,0.13,0.19,0.12,0.11,82166,101953,0.77,106894,0.34,20536,0.22,35322,0.06,10914,0.04,5875,0.11,0.04,0.02,0.04,0.05,0.08,0.13,0.12,0.23,0.16,0.14,102436,118146,35966,48999,42793,55979,48165,67364,52591,471911,0.96,0.72,0.34,0.05,287028,207708,199533,0.95,0.86,0.11,0.05,8175,0.93,0.46,0.47,0.08,79320,0.91,0.57,0.4,0.09,0.09,0.12,0.09,0.07,0.09,0.1,0.18,0.21,0.13,0.11,0.14,0.14,0.16,0.13,0.11,0.1,0.12,0.09,0.24,167441,0.71,0.3,0.53,0.23,0.05,0.02,0.13,0.05,0.29,0.26,0.11,0.34,0.34,469393,0.36,0.19,0.33,0.09,0.04,0.01,186900,0.36,0.55,0.01,0.03,0.07,203642,0.31,0.48,0.03,0.1,0.09,5297,0.17,15,47,0,80,31,0.7,0.65,111746,0.06,0.04,0.42,0.21,0.27,332651,0.06,0.06,0.31,0.16,0.06,0.21,0.13,0.88,0.34
NYC,2017,3497344,3159674,337670,314171,247783,450645,322310,233684,223031,1700576,4203,941,252010,222270,862530,904624,566869,344307,140624,85904,118206,291599,1026464,1132652,777186,194546,74897,3159674,1031793,2127881,2.91,2.56,1737214,994515,325916,102029,2053895,68471,380175,540055,1401,843,1934,45890,67010,13400,25649,46942,2877516,168634,113524,26604,13341,19896,25341,66771,244166,425340,210334,609500,1031793,607673,424120,603449,211498,72265,60446,44137,215103,417350,177065,61735,42128,25794,21057,14246,75325,2030151,290176,227085,227394,207007,182609,895880,10.96,19.4,8622698,0.48,0.52,0.06,0.06,0.06,0.05,0.07,0.18,0.14,0.13,0.06,0.06,0.08,0.04,0.02,0.03,0.97,0.42,0.24,0,0.15,0.03,0.07,0.01,0,0.01,0,0.02,0,0.15,0.03,0.01,0,0.01,0,7020073,0.64,0.64,0.6,0.04,0,0.36,4474174,0.06,3724644,0.59,0.59,0.55,615363,0.63,1084966,0.67,4072761,0.22,0.05,0.56,0.1,0.03,0.04,41.8,0.05,0.03,0.02,0.09,0.07,0.04,0.09,0.14,0.27,0.11,0.06,0.04,4186199,0.8,0.13,0.07,0,3159674,0.09,0.06,0.09,0.08,0.1,0.15,0.11,0.14,0.08,0.11,61901,100221,0.78,108126,0.27,17406,0.13,29258,0.08,8987,0.05,3567,0.2,0.06,0.04,0.09,0.08,0.11,0.15,0.12,0.15,0.09,0.12,69946,112408,38360,1269914,45941,77200,39213,52671,51037,8557254,0.93,0.58,0.44,0.07,5479511,4209191,3946579,0.91,0.73,0.2,0.1,262612,0.84,0.35,0.54,0.16,1270320,0.89,0.42,0.54,0.11,0.15,0.21,0.16,0.09,0.11,0.08,0.27,0.39,0.37,0.18,0.25,0.25,0.25,0.25,0.16,0.16,0.18,0.16,0.26,3159674,0.6,0.25,0.37,0.15,0.06,0.02,0.18,0.08,0.4,0.32,0.11,0.29,0.29,8447387,0.37,0.14,0.3,0.11,0.08,0.02,3341453,0.47,0.43,0.02,0.02,0.06,3770604,0.42,0.37,0.04,0.08,0.09,105007,0.3,22,46,7,64,35,0.73,0.55,2045979,0.07,0.05,0.39,0.19,0.31,6076781,0.09,0.09,0.25,0.14,0.06,0.22,0.16,0.82,0.37
Bronx,2017,528851,503985,24866,31166,27320,42804,43653,19731,30147,332351,1356,323,30955,17108,146715,166024,97200,40800,12618,7032,10399,33798,168090,182240,117595,19980,7148,503985,96497,407488,2.91,2.82,296458,154196,40795,12536,219158,12178,55025,195023,298,0,65,6775,15463,4474,4785,10850,440076,38991,24918,10009,2830,4339,5489,8560,38626,24028,2616,400300,96497,58645,37852,58179,18146,7273,5225,4493,23042,37364,15686,5428,4432,2799,1969,1529,5521,388892,38172,37637,35608,37242,36900,203333,13.9,24.4,1471160,0.47,0.53,0.07,0.07,0.07,0.07,0.08,0.16,0.13,0.13,0.06,0.05,0.07,0.04,0.02,0.03,0.97,0.22,0.35,0.01,0.04,0.01,0.01,0,0,0,0,0.01,0,0.34,0.03,0.01,0,0,0,1147618,0.6,0.6,0.54,0.07,0,0.4,690773,0.11,618521,0.56,0.56,0.51,116555,0.67,226460,0.68,593642,0.24,0.04,0.6,0.07,0.02,0.03,46.2,0.05,0.03,0.02,0.11,0.08,0.02,0.07,0.09,0.33,0.12,0.06,0.04,615251,0.8,0.15,0.06,0,503985,0.14,0.1,0.13,0.1,0.13,0.16,0.09,0.09,0.04,0.03,38340,56774,0.74,62073,0.27,15004,0.12,25039,0.12,8913,0.09,3483,0.38,0.09,0.06,0.13,0.11,0.14,0.18,0.1,0.11,0.04,0.03,44687,63867,20996,169882,21969,36832,26090,38598,36964,1449818,0.92,0.46,0.57,0.08,891677,650482,582296,0.88,0.61,0.33,0.12,68186,0.85,0.28,0.64,0.16,241195,0.89,0.29,0.68,0.12,0.25,0.34,0.25,0.14,0.18,0.11,0.37,0.48,0.42,0.28,0.4,0.4,0.41,0.39,0.24,0.24,0.24,0.26,0.37,503985,0.66,0.33,0.28,0.13,0.08,0.03,0.3,0.16,0.34,0.3,0.12,0.39,0.27,1429395,0.35,0.1,0.37,0.13,0.05,0.02,538317,0.52,0.35,0.04,0.02,0.07,627482,0.45,0.29,0.06,0.08,0.11,21627,0.52,43,56,20,89,30,0.76,0.56,402223,0.07,0.05,0.42,0.2,0.26,953271,0.14,0.14,0.28,0.17,0.07,0.13,0.07,0.72,0.2
Brooklyn,2017,1044287,956223,88064,53476,91457,183032,164475,111119,63731,375736,1079,182,58381,59993,245543,301807,183293,87584,37346,26084,44256,65571,280025,364725,234154,67789,32023,956223,290792,665431,3.06,2.58,529902,327368,78757,20196,755644,21933,75722,75061,362,325,435,11254,15487,2765,5676,14239,864554,56410,35259,6346,4253,4629,5117,14063,49640,125573,81171,701800,290792,176199,114593,174802,55914,20899,18125,11483,68381,112860,44635,19843,10390,7431,5483,4009,21069,632425,77951,72101,72394,61926,57898,290155,10.9,18.3,2648771,0.47,0.53,0.07,0.06,0.06,0.05,0.06,0.19,0.14,0.12,0.06,0.06,0.08,0.04,0.02,0.03,0.97,0.43,0.32,0,0.12,0.01,0.08,0,0,0,0,0.02,0,0.09,0.03,0.01,0,0.01,0,2102940,0.64,0.64,0.6,0.04,0,0.36,1337175,0.06,1127569,0.59,0.59,0.56,216529,0.63,362406,0.66,1221412,0.19,0.04,0.61,0.09,0.03,0.05,43.2,0.05,0.03,0.02,0.09,0.07,0.05,0.08,0.14,0.28,0.1,0.05,0.04,1251227,0.79,0.14,0.07,0,956223,0.11,0.06,0.09,0.08,0.11,0.14,0.11,0.14,0.07,0.09,58388,89440,0.78,99329,0.25,16836,0.12,27163,0.08,9201,0.05,3648,0.23,0.06,0.04,0.09,0.09,0.12,0.15,0.12,0.15,0.08,0.11,66948,101730,33061,375605,39919,65545,38215,51851,50382,2634931,0.93,0.56,0.46,0.07,1654087,1264642,1184484,0.91,0.72,0.22,0.09,80158,0.84,0.33,0.54,0.16,389445,0.9,0.37,0.58,0.1,0.15,0.21,0.18,0.11,0.14,0.09,0.25,0.35,0.38,0.2,0.26,0.26,0.26,0.26,0.18,0.17,0.21,0.17,0.29,956223,0.61,0.26,0.38,0.17,0.05,0.02,0.17,0.08,0.39,0.3,0.1,0.3,0.28,2608227,0.37,0.14,0.31,0.11,0.08,0.02,991004,0.47,0.44,0.02,0.02,0.05,1142978,0.43,0.38,0.04,0.08,0.08,35368,0.29,23,50,3,72,36,0.71,0.58,655266,0.08,0.05,0.4,0.2,0.28,1820860,0.09,0.09,0.27,0.13,0.06,0.22,0.15,0.83,0.37
Manhattan,2017,886384,764218,122166,11112,7629,8015,17953,50874,93977,695861,673,290,110418,107334,257096,217547,107158,45608,16122,11415,13686,133821,331653,281369,105126,25877,8538,764218,188435,575783,2.02,2.13,594840,147126,17173,5079,335200,15405,194144,170207,235,213,555,20375,27884,4157,9585,10951,715134,24225,24859,3780,1632,2418,1379,4870,18741,64270,91345,976100,188435,95291,93144,94242,49111,11390,5975,5759,22007,91270,53062,9381,8178,3907,3658,1645,11439,555447,116887,66818,65745,61177,46596,198224,15.8,25.8,1664727,0.47,0.53,0.05,0.04,0.04,0.04,0.07,0.23,0.14,0.12,0.06,0.05,0.09,0.05,0.02,0.05,0.95,0.56,0.15,0,0.13,0.02,0.07,0.01,0.01,0.01,0,0.01,0,0.12,0.05,0.01,0,0.01,0,1448507,0.68,0.67,0.64,0.04,0,0.33,976535,0.05,768643,0.62,0.62,0.6,89296,0.64,137723,0.68,906005,0.07,0.02,0.59,0.2,0.06,0.07,32.5,0.02,0.03,0.02,0.08,0.03,0.06,0.15,0.2,0.23,0.1,0.05,0.03,924218,0.84,0.08,0.08,0,764218,0.09,0.06,0.07,0.06,0.07,0.12,0.09,0.15,0.09,0.22,86888,155444,0.79,164271,0.25,18165,0.11,40059,0.06,8306,0.03,3888,0.14,0.05,0.04,0.08,0.06,0.08,0.1,0.09,0.12,0.09,0.3,103575,203223,73814,427801,73372,115461,60259,87633,74559,1653585,0.95,0.68,0.35,0.05,1137380,906350,859175,0.94,0.83,0.13,0.06,47175,0.89,0.43,0.5,0.11,231030,0.92,0.51,0.44,0.08,0.13,0.19,0.09,0.06,0.07,0.03,0.28,0.42,0.32,0.16,0.23,0.23,0.19,0.25,0.15,0.14,0.18,0.14,0.2,764218,0.44,0.16,0.29,0.1,0.03,0.01,0.12,0.05,0.56,0.45,0.14,0.18,0.27,1605400,0.48,0.14,0.21,0.07,0.1,0.03,685573,0.51,0.38,0.02,0.02,0.07,774172,0.48,0.33,0.03,0.07,0.1,16973,0.2,11,36,0,34,45,0.75,0.53,335535,0.07,0.04,0.31,0.15,0.44,1273269,0.07,0.07,0.12,0.09,0.04,0.31,0.3,0.86,0.61
Queens,2017,857250,769258,87992,156959,72776,177407,90970,47730,32869,277691,702,146,47733,33563,191744,196546,150154,126817,51255,26674,32764,53478,220934,267725,239227,55804,20082,769258,340570,428688,3.22,2.88,289356,308481,131076,40345,597416,16257,49062,91119,506,182,488,6724,7504,1046,4673,8002,699103,44108,26047,4979,3434,7102,12533,32494,91315,158080,30633,545800,340570,198659,141911,198054,61876,21400,21074,16254,77450,139960,51334,21565,14969,9536,8210,5277,29069,407825,49982,46285,49611,41965,37348,182634,8.3,13.8,2358582,0.49,0.52,0.06,0.05,0.05,0.05,0.06,0.16,0.14,0.14,0.07,0.06,0.08,0.05,0.02,0.03,0.97,0.38,0.18,0,0.26,0.07,0.11,0.02,0,0.02,0,0.04,0,0.14,0.03,0.01,0,0.01,0,1933721,0.64,0.64,0.61,0.03,0,0.36,1240652,0.05,1007397,0.57,0.57,0.54,162325,0.63,288098,0.68,1135110,0.32,0.06,0.51,0.07,0.02,0.03,44.4,0.08,0.04,0.02,0.1,0.09,0.02,0.08,0.11,0.24,0.12,0.07,0.04,1176370,0.81,0.13,0.06,0,769258,0.06,0.04,0.09,0.08,0.12,0.18,0.13,0.16,0.08,0.07,65746,86691,0.81,91096,0.28,18254,0.15,24845,0.06,9234,0.03,3288,0.13,0.04,0.02,0.07,0.08,0.12,0.18,0.14,0.18,0.1,0.08,74851,95561,30585,254592,44547,60648,36724,48249,47142,2343840,0.91,0.59,0.41,0.09,1502501,1172302,1113790,0.88,0.71,0.19,0.12,58512,0.8,0.36,0.47,0.2,330199,0.87,0.45,0.49,0.13,0.1,0.14,0.12,0.07,0.08,0.08,0.18,0.28,0.27,0.12,0.16,0.15,0.17,0.15,0.11,0.11,0.14,0.1,0.22,769258,0.67,0.26,0.44,0.18,0.07,0.02,0.16,0.06,0.33,0.27,0.1,0.3,0.32,2331903,0.33,0.15,0.31,0.14,0.07,0.02,938817,0.43,0.47,0.02,0.03,0.06,1020518,0.37,0.42,0.03,0.1,0.09,25298,0.23,17,43,0,65,30,0.7,0.52,537038,0.06,0.05,0.38,0.2,0.32,1695302,0.1,0.08,0.29,0.14,0.08,0.2,0.11,0.82,0.31
Staten Island,2017,180572,165990,14582,61458,48601,39387,5259,4230,2307,18937,393,0,4523,4272,21432,22700,29064,43498,23283,14699,17101,4931,25762,36593,81084,25096,7106,165990,115499,50491,3.02,2.45,26658,57344,58115,23873,146477,2698,6222,8645,0,123,391,762,672,958,930,2900,158649,4900,2441,1490,1192,1408,823,6784,45844,53389,4569,501300,115499,78879,36620,78172,26451,11303,10047,6148,24223,35896,12348,5518,4159,2121,1737,1786,8227,45562,7184,4244,4036,4697,3867,21534,5.9,14.7,479458,0.48,0.52,0.06,0.06,0.06,0.06,0.07,0.13,0.13,0.14,0.07,0.07,0.1,0.05,0.02,0.02,0.98,0.73,0.11,0,0.1,0.02,0.05,0.01,0,0.01,0,0.01,0,0.04,0.02,0.01,0,0,0,387287,0.59,0.59,0.57,0.03,0,0.41,229039,0.04,202514,0.53,0.53,0.51,30658,0.54,70279,0.65,216592,0.55,0.09,0.29,0.03,0.01,0.02,45.8,0.07,0.02,0.02,0.09,0.08,0.02,0.09,0.11,0.31,0.08,0.05,0.06,219133,0.76,0.21,0.04,0,165990,0.08,0.04,0.07,0.06,0.09,0.14,0.11,0.18,0.12,0.12,81078,102691,0.75,111365,0.34,19929,0.2,33249,0.06,9940,0.05,3595,0.11,0.06,0.02,0.05,0.05,0.08,0.14,0.12,0.2,0.15,0.15,97895,116744,36063,42034,38331,55364,47135,65799,53796,475080,0.96,0.72,0.34,0.04,293866,215415,206834,0.96,0.87,0.11,0.04,8581,0.89,0.47,0.45,0.11,78451,0.92,0.56,0.43,0.08,0.11,0.14,0.2,0.07,0.08,0.14,0.28,0.39,0.5,0.12,0.17,0.16,0.19,0.15,0.11,0.1,0.12,0.1,0.23,165990,0.75,0.32,0.56,0.25,0.05,0.01,0.14,0.06,0.25,0.22,0.1,0.36,0.34,472462,0.35,0.2,0.34,0.08,0.03,0.01,187742,0.35,0.56,0.02,0.02,0.06,205454,0.32,0.49,0.02,0.09,0.08,5741,0.18,17,51,25,78,33,0.74,0.6,115917,0.06,0.04,0.42,0.22,0.26,334079,0.05,0.07,0.3,0.17,0.08,0.2,0.13,0.88,0.33
NYC,2016,3463870,3114811,349059,321542,234368,458031,333009,227678,224032,1659021,4536,1653,257490,200902,855720,909721,572839,330268,139808,77460,119662,293490,1035616,1109414,770522,177120,77708,3114811,998198,2116613,2.92,2.57,1693866,1003276,325267,92402,1975213,56865,391723,580677,1918,1812,1466,46911,58226,11039,22012,105847,2824061,176729,114021,30641,13475,19493,25511,73542,262999,390778,181759,569700,998198,593859,404339,589688,199661,70975,59647,44350,215055,397089,164570,58614,37674,25727,19392,14578,76534,2006714,280536,215769,232471,205763,185567,886608,11.52,31.34,8537673,0.48,0.52,0.07,0.06,0.05,0.06,0.07,0.18,0.14,0.13,0.06,0.06,0.08,0.04,0.02,0.04,0.96,0.43,0.24,0,0.14,0.03,0.07,0.01,0,0.01,0,0.02,0,0.15,0.04,0.01,0,0.01,0,6923323,0.64,0.64,0.59,0.04,0,0.36,4414330,0.07,3671736,0.59,0.59,0.55,626010,0.62,1085040,0.66,4007171,0.22,0.05,0.57,0.1,0.03,0.04,41.4,0.05,0.03,0.02,0.1,0.06,0.04,0.1,0.13,0.26,0.11,0.06,0.04,4114375,0.8,0.13,0.06,0,3114811,0.09,0.06,0.09,0.09,0.11,0.15,0.11,0.14,0.07,0.1,61535,97485,0.79,105872,0.26,17369,0.13,26542,0.08,9441,0.04,3699,0.2,0.06,0.04,0.09,0.09,0.11,0.15,0.11,0.15,0.08,0.12,68284,109222,37156,1264082,46917,75967,38151,53793,52282,8474487,0.92,0.57,0.43,0.08,5466509,4164669,3888386,0.9,0.72,0.2,0.11,276283,0.83,0.33,0.54,0.17,1301840,0.89,0.41,0.54,0.12,0.16,0.22,0.16,0.1,0.13,0.08,0.28,0.38,0.34,0.19,0.27,0.26,0.25,0.27,0.17,0.17,0.18,0.17,0.27,3114811,0.59,0.25,0.37,0.16,0.06,0.02,0.17,0.08,0.41,0.32,0.11,0.29,0.28,8360689,0.37,0.14,0.3,0.11,0.08,0.02,3299818,0.47,0.43,0.02,0.02,0.06,3719354,0.43,0.37,0.04,0.08,0.09,108983,0.33,25,48,11,64,38,0.7,0.65,2073652,0.07,0.05,0.38,0.19,0.32,5964798,0.09,0.09,0.24,0.14,0.06,0.22,0.16,0.82,0.37
Bronx,2016,525788,498539,27249,32060,24577,47568,44316,19105,33382,324135,522,123,33370,17021,145831,169519,94853,35970,12252,7018,9954,37118,166542,186114,110211,18930,6873,498539,96282,402257,2.97,2.8,292426,152343,44422,9348,209325,7277,53917,207212,878,105,275,7377,12173,2392,3149,17296,432020,38077,28442,13910,3047,3800,4383,8939,37740,22992,1471,378000,96282,57653,38629,57191,19731,4398,5446,3877,23739,38105,18162,4478,4018,2245,1671,1399,6132,384884,37220,36057,41096,40805,37642,192064,14.6,40.3,1455720,0.47,0.53,0.07,0.07,0.07,0.07,0.08,0.16,0.13,0.13,0.06,0.05,0.07,0.04,0.02,0.04,0.96,0.22,0.34,0.01,0.04,0.01,0.01,0,0,0,0,0.01,0,0.36,0.04,0.01,0,0,0,1123930,0.6,0.6,0.54,0.06,0,0.4,678136,0.1,606859,0.56,0.56,0.5,120334,0.63,224683,0.69,591367,0.23,0.04,0.6,0.07,0.02,0.03,44.7,0.05,0.03,0.01,0.11,0.08,0.02,0.07,0.09,0.33,0.13,0.06,0.04,610064,0.8,0.15,0.06,0,498539,0.12,0.1,0.13,0.11,0.13,0.16,0.09,0.1,0.03,0.02,39320,55947,0.75,61505,0.26,14809,0.12,19522,0.13,9208,0.08,3509,0.36,0.09,0.07,0.13,0.11,0.14,0.17,0.1,0.12,0.04,0.03,44810,61943,20268,166765,25128,38258,26834,37566,38563,1435711,0.92,0.45,0.57,0.09,886826,643647,580998,0.87,0.6,0.32,0.13,62649,0.84,0.24,0.65,0.16,243179,0.88,0.29,0.68,0.12,0.25,0.34,0.28,0.15,0.2,0.16,0.37,0.48,0.37,0.29,0.4,0.4,0.41,0.4,0.25,0.25,0.23,0.26,0.39,498539,0.67,0.31,0.29,0.13,0.08,0.03,0.3,0.15,0.34,0.29,0.11,0.37,0.27,1413891,0.35,0.1,0.37,0.13,0.06,0.02,529370,0.51,0.36,0.04,0.02,0.08,618307,0.47,0.28,0.06,0.08,0.11,22460,0.53,45,58,17,86,40,0.71,0.57,410718,0.06,0.05,0.4,0.21,0.28,931269,0.14,0.14,0.29,0.18,0.07,0.12,0.06,0.72,0.18
Brooklyn,2016,1031125,941871,89254,56086,88769,184218,168494,114970,59010,357055,1795,728,58185,49269,240581,295589,190514,89506,36833,24889,45759,64633,280501,355922,237137,58639,34293,941871,277746,664125,3.08,2.61,521350,325518,78770,16233,735112,20342,71538,88618,398,529,165,10358,14811,3667,5733,34239,841761,62879,37231,5166,3436,4789,4852,16084,55757,118420,69242,667000,277746,170044,107702,168777,49850,20010,16974,12512,69431,105136,39579,16074,9978,7153,5343,4490,22519,630013,82526,67034,74670,63892,58350,283541,11.3,30.3,2629150,0.47,0.53,0.07,0.07,0.06,0.06,0.07,0.18,0.14,0.12,0.06,0.05,0.07,0.04,0.02,0.03,0.97,0.43,0.33,0,0.12,0.01,0.08,0,0,0,0,0.02,0,0.09,0.03,0.01,0,0.01,0,2083392,0.64,0.64,0.59,0.05,0,0.36,1331235,0.07,1115713,0.59,0.59,0.55,218681,0.62,360720,0.65,1206979,0.18,0.04,0.62,0.09,0.03,0.05,42.8,0.05,0.03,0.02,0.1,0.06,0.05,0.07,0.14,0.28,0.11,0.05,0.04,1236979,0.8,0.14,0.07,0,941871,0.09,0.07,0.1,0.09,0.11,0.15,0.11,0.14,0.07,0.08,57734,86972,0.79,95273,0.24,16423,0.12,24844,0.09,9587,0.05,3910,0.23,0.06,0.05,0.1,0.1,0.12,0.15,0.12,0.15,0.07,0.1,64774,97075,31943,365884,41989,65628,36494,53250,49802,2616844,0.92,0.54,0.46,0.08,1654191,1263690,1175955,0.89,0.71,0.22,0.11,87735,0.84,0.33,0.56,0.16,390501,0.89,0.37,0.58,0.11,0.16,0.23,0.18,0.12,0.17,0.11,0.25,0.34,0.34,0.21,0.28,0.28,0.27,0.29,0.18,0.18,0.21,0.18,0.29,941871,0.61,0.26,0.37,0.17,0.06,0.02,0.18,0.08,0.39,0.29,0.1,0.31,0.27,2588753,0.36,0.13,0.31,0.11,0.08,0.02,982183,0.47,0.43,0.02,0.02,0.05,1129426,0.43,0.37,0.04,0.08,0.08,36390,0.25,20,51,4,70,41,0.74,0.66,655430,0.08,0.06,0.39,0.2,0.27,1791538,0.09,0.1,0.25,0.14,0.06,0.22,0.14,0.81,0.36
Manhattan,2016,875990,748293,127697,9554,5986,10611,18115,44019,100879,685639,608,579,114731,99180,263852,213091,103388,42351,19200,7021,13176,135796,341898,262143,107771,22061,6321,748293,172324,575969,2.02,2.15,568581,159029,18544,2139,301259,11907,212337,177119,270,652,356,21237,23156,2986,7967,33514,701387,25699,21207,3625,2660,1833,700,4243,21084,51736,86443,1003400,172324,88861,83463,88457,48238,11114,6159,5586,17360,81778,46434,9011,6398,4017,2314,2188,11416,548714,109972,64376,65313,56779,48919,203355,16.2,39.5,1643734,0.47,0.53,0.05,0.04,0.04,0.04,0.07,0.23,0.15,0.13,0.06,0.06,0.08,0.04,0.02,0.05,0.95,0.57,0.15,0,0.12,0.02,0.07,0,0.01,0.01,0,0.01,0,0.11,0.05,0.02,0,0.01,0,1426471,0.67,0.67,0.63,0.04,0,0.33,955766,0.06,756835,0.62,0.62,0.59,90984,0.66,136934,0.65,883213,0.06,0.02,0.59,0.2,0.06,0.07,32.5,0.02,0.03,0.02,0.07,0.03,0.06,0.16,0.21,0.22,0.11,0.05,0.02,903214,0.84,0.08,0.08,0,748293,0.08,0.06,0.07,0.07,0.08,0.12,0.09,0.14,0.09,0.21,81447,150412,0.79,164191,0.23,18496,0.11,30776,0.06,9621,0.03,3625,0.13,0.05,0.04,0.07,0.07,0.08,0.11,0.08,0.12,0.09,0.31,103423,204076,71288,432914,70749,109840,59141,87677,74297,1632854,0.95,0.68,0.35,0.05,1136570,889559,841026,0.94,0.83,0.13,0.06,48533,0.81,0.36,0.5,0.19,247011,0.92,0.51,0.45,0.08,0.13,0.19,0.1,0.07,0.07,0.03,0.31,0.41,0.34,0.17,0.23,0.23,0.2,0.25,0.16,0.16,0.19,0.15,0.21,748293,0.42,0.16,0.29,0.11,0.03,0.01,0.1,0.05,0.58,0.46,0.13,0.19,0.25,1583632,0.47,0.14,0.21,0.08,0.11,0.03,675474,0.51,0.37,0.02,0.02,0.07,762308,0.49,0.33,0.03,0.07,0.09,17531,0.3,16,37,9,42,34,0.74,0.51,333589,0.07,0.05,0.3,0.14,0.43,1250801,0.07,0.06,0.13,0.1,0.04,0.31,0.29,0.87,0.6
Queens,2016,851576,761819,89757,158323,73362,174184,94767,46431,28778,274315,1193,223,46872,31929,184711,209484,152796,119537,45938,25898,34411,51370,220861,269185,235032,53487,21641,761819,335984,425835,3.23,2.87,282086,308289,129185,42259,585037,15667,46702,99146,372,245,151,7186,7313,1727,4648,16883,691657,44987,25175,7027,3482,8207,14450,35949,95660,149970,21239,508000,335984,196737,139247,195758,57237,22555,21916,16074,77976,137617,49768,21972,14259,9453,7939,5216,29010,400483,46223,43207,46087,40971,36749,187246,9,22.8,2333054,0.49,0.52,0.06,0.06,0.05,0.05,0.06,0.16,0.14,0.14,0.07,0.06,0.08,0.04,0.02,0.04,0.96,0.39,0.18,0,0.25,0.06,0.11,0.02,0,0.02,0,0.04,0,0.14,0.04,0.01,0,0.01,0,1906461,0.65,0.64,0.61,0.04,0,0.36,1227785,0.06,992232,0.58,0.58,0.54,164410,0.63,292828,0.69,1117422,0.31,0.07,0.52,0.06,0.01,0.03,44.3,0.07,0.04,0.02,0.1,0.08,0.03,0.08,0.1,0.24,0.12,0.07,0.04,1153909,0.8,0.14,0.06,0,761819,0.06,0.05,0.08,0.09,0.12,0.16,0.13,0.16,0.08,0.07,64912,85156,0.81,89083,0.28,18122,0.14,26077,0.06,9132,0.03,3823,0.13,0.04,0.03,0.07,0.09,0.12,0.16,0.14,0.18,0.09,0.08,73638,93447,29936,255996,44657,62363,35848,48854,45851,2317082,0.9,0.58,0.41,0.1,1497600,1160521,1092789,0.86,0.7,0.19,0.14,67732,0.8,0.36,0.48,0.2,337079,0.85,0.42,0.48,0.15,0.11,0.15,0.12,0.08,0.1,0.07,0.18,0.27,0.31,0.13,0.17,0.17,0.16,0.18,0.12,0.12,0.14,0.11,0.23,761819,0.66,0.26,0.45,0.19,0.06,0.02,0.16,0.06,0.34,0.27,0.1,0.31,0.3,2304957,0.33,0.15,0.31,0.14,0.07,0.02,926503,0.43,0.47,0.02,0.03,0.06,1005828,0.37,0.42,0.03,0.09,0.09,27293,0.3,24,46,16,62,37,0.65,0.72,556070,0.06,0.05,0.37,0.19,0.33,1661279,0.1,0.08,0.28,0.14,0.08,0.2,0.12,0.82,0.31
Staten Island,2016,179391,164289,15102,65519,41674,41450,7317,3153,1983,17877,418,0,4332,3503,20745,22038,31288,42904,25585,12634,16362,4573,25814,36050,80371,24003,8580,164289,115862,48427,2.98,2.55,29423,58097,54346,22423,144480,1672,7229,8582,0,281,519,753,773,267,515,3915,157236,5087,1966,913,850,864,1126,8327,52758,47660,3364,477100,115862,80564,35298,79505,24605,12898,9152,6301,26549,34453,10627,7079,3021,2859,2125,1285,7457,42620,4595,5095,5305,3316,3907,20402,6.5,23.8,476015,0.48,0.52,0.06,0.06,0.06,0.06,0.07,0.13,0.13,0.14,0.07,0.07,0.09,0.04,0.02,0.02,0.98,0.74,0.1,0,0.09,0.02,0.03,0.01,0,0.01,0,0.02,0,0.05,0.02,0.01,0,0.01,0,383069,0.58,0.58,0.55,0.03,0,0.42,221408,0.05,200097,0.52,0.51,0.49,31601,0.54,69875,0.57,208190,0.57,0.07,0.3,0.03,0.01,0.03,44.3,0.08,0.02,0.02,0.11,0.08,0.02,0.1,0.11,0.28,0.06,0.05,0.07,210209,0.75,0.21,0.04,0,164289,0.09,0.03,0.07,0.07,0.08,0.14,0.12,0.2,0.11,0.1,80886,99912,0.75,108079,0.32,20963,0.2,36110,0.05,10282,0.05,3203,0.11,0.05,0.02,0.04,0.06,0.07,0.14,0.14,0.23,0.13,0.13,96897,115354,35116,42523,35300,49856,47667,66455,54330,471996,0.96,0.73,0.33,0.05,291322,207252,197618,0.95,0.87,0.09,0.05,9634,0.92,0.63,0.33,0.08,84070,0.91,0.6,0.38,0.09,0.1,0.15,0.1,0.06,0.08,0.05,0.28,0.46,0.37,0.13,0.19,0.19,0.17,0.2,0.12,0.11,0.13,0.11,0.3,164289,0.74,0.33,0.55,0.25,0.04,0.01,0.15,0.06,0.26,0.23,0.11,0.37,0.33,469456,0.35,0.19,0.34,0.08,0.03,0.01,186288,0.35,0.56,0.01,0.03,0.06,203485,0.32,0.48,0.02,0.1,0.08,5309,0.2,17,47,11,74,33,0.67,0.73,117845,0.05,0.05,0.4,0.21,0.28,329911,0.05,0.07,0.31,0.18,0.07,0.19,0.13,0.89,0.33
NYC,2015,3447978,3129147,318831,314150,231540,463156,339357,228461,209432,1654233,5096,2553,259610,206993,864196,899213,569504,318885,138572,78036,112969,298671,1048338,1097304,748959,181351,73355,3129147,989902,2139245,2.9,2.57,1705208,986356,345119,92464,1954144,56745,355107,661817,2459,1810,512,43665,52888,15697,24704,75830,2833219,178154,117774,29291,14644,21229,29120,76644,283595,385916,149463,538300,989902,592919,396983,589332,188382,71118,57664,48441,223727,391142,160446,57345,38052,27183,20145,15618,72353,2017560,265413,223781,230906,212549,192777,892134,11.83,33.73,8550405,0.48,0.52,0.07,0.06,0.06,0.06,0.07,0.18,0.14,0.13,0.06,0.05,0.07,0.04,0.02,0.03,0.97,0.43,0.24,0,0.14,0.03,0.07,0.01,0,0.01,0,0.02,0,0.16,0.03,0.01,0,0.01,0,6933836,0.64,0.64,0.59,0.05,0,0.36,4421563,0.07,3676371,0.59,0.59,0.55,639102,0.64,1084425,0.67,3992612,0.22,0.04,0.57,0.1,0.03,0.04,40.8,0.05,0.03,0.02,0.09,0.06,0.04,0.09,0.13,0.27,0.11,0.06,0.04,4092341,0.8,0.13,0.07,0,3129147,0.09,0.06,0.1,0.09,0.11,0.15,0.11,0.14,0.07,0.1,58700,95052,0.79,101807,0.25,17415,0.12,26872,0.08,9332,0.04,3785,0.2,0.06,0.05,0.09,0.09,0.11,0.16,0.11,0.15,0.07,0.11,64579,105147,36457,1262696,45735,75930,36994,53393,49889,8488787,0.91,0.56,0.43,0.09,5497444,4187246,3881937,0.88,0.71,0.18,0.13,305309,0.81,0.35,0.49,0.19,1310198,0.86,0.39,0.53,0.14,0.17,0.24,0.18,0.1,0.14,0.1,0.3,0.41,0.37,0.2,0.29,0.29,0.27,0.29,0.18,0.18,0.18,0.18,0.26,3129147,0.6,0.26,0.36,0.16,0.06,0.02,0.18,0.08,0.4,0.33,0.11,0.3,0.27,8375004,0.37,0.14,0.31,0.11,0.08,0.02,3303569,0.47,0.43,0.02,0.02,0.06,3722842,0.42,0.36,0.04,0.08,0.1,102968,0.35,24,45,8,63,32,0.71,0.63,2077511,0.07,0.05,0.37,0.19,0.32,5948515,0.1,0.09,0.24,0.14,0.06,0.22,0.15,0.81,0.37
Bronx,2015,523735,495513,28222,32040,24348,42923,43524,19730,27209,331933,823,1205,33520,16822,149787,159862,100636,36310,11247,6084,9467,36846,174677,174010,112011,17993,8198,495513,92845,402668,3.05,2.81,288906,139647,58263,8697,192189,7991,44787,233634,805,169,58,5889,9991,2271,3021,9933,429832,39563,26118,11020,3920,4182,6089,7708,40423,18297,1206,368500,92845,56663,36182,56355,17088,7220,4745,5038,22264,35924,16367,4908,3812,2592,1636,973,5636,378673,34983,32362,38587,43261,37005,192475,14.51,46.13,1455444,0.47,0.53,0.08,0.07,0.07,0.07,0.08,0.16,0.13,0.13,0.06,0.05,0.07,0.04,0.02,0.04,0.96,0.2,0.33,0.01,0.04,0.01,0.01,0,0,0,0,0.01,0,0.39,0.04,0.01,0,0,0,1126603,0.6,0.6,0.53,0.06,0,0.4,672639,0.11,607384,0.56,0.56,0.5,122224,0.63,224846,0.67,582685,0.22,0.05,0.62,0.08,0.01,0.03,44.8,0.05,0.04,0.02,0.11,0.07,0.02,0.06,0.09,0.32,0.12,0.06,0.03,600417,0.81,0.14,0.05,0,495513,0.14,0.1,0.14,0.11,0.13,0.15,0.09,0.09,0.04,0.02,36797,54599,0.73,60807,0.25,15116,0.11,21736,0.12,9418,0.07,3875,0.36,0.11,0.07,0.13,0.11,0.13,0.17,0.1,0.1,0.04,0.03,42184,60720,20011,172089,22254,38026,26848,39365,37137,1434184,0.89,0.43,0.56,0.11,889619,640019,573356,0.85,0.59,0.3,0.15,66663,0.8,0.26,0.62,0.2,249600,0.86,0.25,0.68,0.14,0.28,0.38,0.28,0.15,0.21,0.12,0.41,0.51,0.45,0.3,0.43,0.43,0.4,0.44,0.26,0.26,0.25,0.29,0.38,495513,0.65,0.32,0.28,0.13,0.08,0.03,0.3,0.16,0.35,0.31,0.11,0.38,0.25,1414305,0.35,0.1,0.36,0.13,0.05,0.02,529233,0.52,0.36,0.03,0.02,0.07,617261,0.47,0.29,0.07,0.07,0.11,20967,0.53,43,54,6,85,34,0.75,0.56,409190,0.06,0.06,0.4,0.21,0.27,925619,0.15,0.14,0.28,0.17,0.07,0.13,0.07,0.71,0.2
Brooklyn,2015,1025815,940176,85639,50026,86546,190362,176110,108529,57100,355373,1264,505,59187,53913,248163,300561,173089,90156,39047,22436,39263,65822,283621,360899,228220,57057,30196,940176,270013,670163,3.08,2.63,530841,313529,78473,17333,725779,16452,67069,102981,347,515,269,10241,16523,3840,7446,18142,834088,66960,39128,4756,2825,4794,4869,16526,59736,121576,54931,638500,270013,167425,102588,166440,46016,17497,16326,12470,74131,101009,35441,15555,11461,7559,5232,3788,21973,631697,76704,71789,71908,69722,60110,281464,12.28,34.43,2636735,0.47,0.53,0.08,0.06,0.06,0.06,0.07,0.18,0.14,0.12,0.06,0.05,0.07,0.04,0.02,0.03,0.97,0.43,0.33,0,0.12,0.01,0.08,0,0,0,0,0.02,0,0.09,0.03,0.01,0,0.01,0,2087398,0.64,0.64,0.59,0.05,0,0.36,1330353,0.08,1116383,0.6,0.6,0.55,224335,0.62,361861,0.66,1198667,0.18,0.04,0.62,0.09,0.03,0.04,42.2,0.05,0.03,0.02,0.09,0.07,0.04,0.07,0.13,0.29,0.11,0.06,0.04,1228592,0.79,0.14,0.07,0,940176,0.09,0.07,0.11,0.09,0.11,0.15,0.1,0.14,0.06,0.08,53958,82739,0.79,90177,0.23,16215,0.11,23521,0.09,9498,0.05,3761,0.23,0.06,0.05,0.11,0.1,0.12,0.15,0.11,0.15,0.07,0.09,59998,92226,30629,356573,39551,62320,35532,51712,47987,2625368,0.91,0.53,0.45,0.09,1665736,1267986,1172436,0.88,0.7,0.2,0.12,95550,0.8,0.34,0.49,0.2,397750,0.86,0.36,0.56,0.14,0.19,0.25,0.2,0.14,0.19,0.14,0.28,0.37,0.36,0.22,0.31,0.31,0.32,0.31,0.2,0.19,0.22,0.21,0.28,940176,0.62,0.28,0.37,0.17,0.06,0.02,0.19,0.09,0.38,0.29,0.1,0.32,0.26,2597054,0.36,0.14,0.32,0.11,0.08,0.02,985156,0.47,0.43,0.02,0.02,0.06,1131386,0.42,0.37,0.04,0.08,0.09,34935,0.31,24,49,11,72,31,0.69,0.61,668605,0.07,0.06,0.39,0.19,0.29,1786153,0.1,0.1,0.26,0.14,0.06,0.22,0.14,0.81,0.35
Manhattan,2015,869890,751244,118646,11470,7623,8020,18093,46846,89871,686509,779,679,124101,102226,258764,198422,101835,42628,18142,7937,15835,146448,345153,249060,98469,23168,7592,751244,176869,574375,1.94,2.16,575165,155730,16648,3701,296954,13886,186431,213677,720,78,163,20853,18482,5778,7790,27727,709237,17227,24780,5411,3162,1962,1915,5512,25277,58442,75188,867600,176869,86035,90834,85628,44881,9803,6277,6664,18003,89545,51857,8814,4131,5542,4149,2927,12125,549873,104523,63935,65531,53161,57131,205592,16.31,42.72,1644518,0.47,0.53,0.05,0.04,0.04,0.04,0.07,0.23,0.15,0.13,0.06,0.06,0.08,0.04,0.02,0.04,0.96,0.56,0.15,0,0.12,0.02,0.07,0.01,0.01,0.01,0,0.01,0,0.12,0.04,0.01,0,0.01,0,1426666,0.68,0.68,0.64,0.04,0,0.32,968038,0.06,759317,0.63,0.63,0.59,94219,0.7,135622,0.71,889968,0.06,0.02,0.6,0.21,0.06,0.07,31.8,0.02,0.03,0.03,0.07,0.03,0.06,0.16,0.19,0.23,0.12,0.04,0.03,908640,0.83,0.09,0.08,0,751244,0.08,0.06,0.08,0.06,0.08,0.13,0.09,0.14,0.08,0.21,78955,149443,0.79,158592,0.23,18810,0.11,33811,0.06,8594,0.03,3763,0.14,0.05,0.05,0.07,0.07,0.08,0.11,0.09,0.13,0.07,0.29,97764,202305,71284,448412,69467,111873,57607,84396,68899,1634473,0.93,0.68,0.34,0.07,1142927,906621,851857,0.92,0.82,0.11,0.08,54764,0.85,0.4,0.48,0.15,236306,0.89,0.51,0.43,0.11,0.14,0.21,0.14,0.06,0.09,0.07,0.3,0.42,0.35,0.18,0.24,0.24,0.19,0.27,0.16,0.16,0.17,0.16,0.2,751244,0.4,0.15,0.26,0.09,0.03,0.01,0.12,0.05,0.6,0.48,0.14,0.17,0.25,1585175,0.47,0.12,0.22,0.07,0.12,0.03,673536,0.53,0.35,0.02,0.02,0.07,764883,0.5,0.29,0.03,0.07,0.11,15649,0.31,14,32,5,31,40,0.82,0.47,327796,0.08,0.03,0.3,0.15,0.44,1249729,0.07,0.06,0.12,0.1,0.04,0.32,0.29,0.87,0.61
Queens,2015,849552,774752,74800,158576,66659,180505,96209,50009,32830,262953,1647,164,39604,31329,185952,215656,159089,108524,47944,28645,32809,45835,218190,276593,229582,58164,21188,774752,334859,439893,3.2,2.82,280468,318052,135426,40806,591834,16160,49325,102834,475,1048,0,5980,7096,2986,5829,15332,699254,49362,26136,6870,4073,8961,15077,35804,103926,144627,15521,487400,334859,200590,134269,199671,57016,24221,20045,16717,81672,132423,48148,21586,14324,8923,7283,5737,26422,411827,43686,50357,49451,42130,34263,191940,9.23,24.67,2339150,0.49,0.52,0.06,0.05,0.06,0.05,0.07,0.16,0.14,0.14,0.07,0.06,0.08,0.04,0.02,0.03,0.97,0.39,0.18,0,0.25,0.06,0.1,0.02,0,0.03,0,0.04,0,0.13,0.03,0.01,0,0.01,0,1910721,0.64,0.64,0.6,0.04,0,0.36,1230171,0.07,993326,0.58,0.58,0.54,165656,0.63,292513,0.67,1116313,0.32,0.06,0.52,0.06,0.01,0.02,43.7,0.07,0.04,0.03,0.1,0.08,0.03,0.08,0.12,0.24,0.12,0.07,0.04,1146156,0.8,0.13,0.07,0,774752,0.06,0.04,0.09,0.09,0.12,0.18,0.13,0.16,0.07,0.06,63521,83441,0.82,86123,0.27,17970,0.15,24802,0.06,9465,0.03,3853,0.14,0.04,0.03,0.08,0.09,0.12,0.18,0.13,0.18,0.09,0.07,70271,90831,29442,245482,44847,60711,35224,47555,46668,2324250,0.88,0.57,0.4,0.12,1508029,1166952,1089345,0.84,0.69,0.17,0.16,77607,0.8,0.38,0.43,0.2,341077,0.82,0.41,0.47,0.18,0.11,0.16,0.11,0.08,0.1,0.07,0.2,0.3,0.25,0.14,0.19,0.19,0.17,0.19,0.13,0.12,0.13,0.12,0.24,774752,0.68,0.28,0.46,0.19,0.07,0.02,0.16,0.06,0.32,0.26,0.09,0.32,0.29,2310954,0.34,0.15,0.31,0.14,0.07,0.02,929917,0.41,0.49,0.02,0.02,0.06,1006788,0.36,0.43,0.03,0.09,0.09,25583,0.31,23,43,9,66,27,0.68,0.73,554623,0.06,0.05,0.38,0.19,0.32,1659446,0.11,0.08,0.28,0.15,0.08,0.2,0.11,0.81,0.31
Staten Island,2015,178986,167462,11524,62038,46364,41346,5421,3347,2422,17465,583,0,3198,2703,21530,24712,34855,41267,22192,12934,15595,3720,26697,36742,80677,24969,6181,167462,115316,52146,2.94,2.46,29828,59398,56309,21927,147388,2256,7495,8691,112,0,22,702,796,822,618,4696,160808,5042,1612,1234,664,1330,1170,11094,54233,42974,2617,457700,115316,82206,33110,81238,23381,12377,10271,7552,27657,32241,8633,6482,4324,2567,1845,2193,6197,45490,5517,5338,5429,4275,4268,20663,6.83,20.71,474558,0.48,0.52,0.06,0.06,0.06,0.06,0.07,0.13,0.13,0.15,0.07,0.06,0.09,0.04,0.02,0.02,0.98,0.75,0.11,0,0.08,0.02,0.03,0.01,0,0.01,0,0.01,0,0.04,0.02,0.01,0,0.01,0,382448,0.58,0.58,0.55,0.03,0,0.42,220362,0.05,199961,0.53,0.53,0.5,32668,0.6,69583,0.63,204979,0.56,0.07,0.31,0.02,0.01,0.02,43.5,0.08,0.02,0.01,0.1,0.07,0.03,0.1,0.12,0.3,0.07,0.04,0.07,208536,0.74,0.22,0.04,0,167462,0.09,0.04,0.07,0.06,0.09,0.15,0.12,0.2,0.1,0.08,75535,93588,0.76,98588,0.32,20992,0.2,35322,0.05,10370,0.03,3100,0.13,0.06,0.02,0.04,0.06,0.08,0.15,0.13,0.23,0.12,0.1,87717,105652,33158,40140,33982,50891,45223,67024,53544,470512,0.95,0.7,0.34,0.06,291133,205668,194943,0.93,0.85,0.1,0.07,10725,0.86,0.59,0.32,0.14,85465,0.9,0.54,0.42,0.1,0.12,0.16,0.13,0.08,0.1,0.05,0.26,0.33,0.41,0.14,0.18,0.18,0.18,0.18,0.13,0.14,0.12,0.12,0.3,167462,0.76,0.33,0.56,0.25,0.05,0.01,0.15,0.07,0.24,0.21,0.09,0.36,0.31,467516,0.36,0.2,0.34,0.08,0.03,0.01,185727,0.34,0.56,0.01,0.03,0.06,202524,0.31,0.49,0.02,0.1,0.08,5834,0.14,14,51,6,86,33,0.63,0.75,117297,0.06,0.05,0.41,0.21,0.28,327568,0.04,0.06,0.32,0.18,0.08,0.19,0.14,0.9,0.32
NYC,2014,3438742,3148067,290675,306070,225588,463274,355257,226738,219253,1635691,4681,2190,220093,208062,866811,913110,600292,316661,128484,75203,110026,254525,1085537,1107015,746846,167252,77567,3148067,981565,2166502,2.88,2.53,1734018,991298,339413,83338,1922060,53479,322619,742633,1756,1336,1018,46085,57081,14637,24831,87564,2868531,177800,101736,43133,16522,22923,31701,81991,300577,350677,134041,496200,981565,595308,386257,592060,188511,68229,57218,46711,231391,381029,150697,58382,37488,27392,18240,14347,74483,2053181,257316,215846,222439,225712,195433,936435,11.92,41.71,8491079,0.48,0.52,0.07,0.06,0.05,0.06,0.07,0.18,0.14,0.13,0.06,0.05,0.07,0.04,0.02,0.03,0.97,0.43,0.25,0,0.14,0.03,0.07,0.01,0,0.01,0,0.02,0,0.16,0.03,0.01,0,0.01,0,6883394,0.63,0.63,0.58,0.05,0,0.37,4352625,0.08,3655801,0.58,0.58,0.54,644467,0.63,1062639,0.65,3908893,0.22,0.04,0.57,0.1,0.03,0.04,40.1,0.05,0.04,0.02,0.1,0.06,0.04,0.1,0.13,0.26,0.11,0.06,0.04,3993283,0.81,0.13,0.06,0,3148067,0.09,0.07,0.1,0.09,0.11,0.15,0.11,0.13,0.06,0.09,56297,90624,0.78,98463,0.25,16970,0.12,25882,0.08,9587,0.04,3623,0.2,0.07,0.05,0.1,0.09,0.12,0.15,0.12,0.14,0.07,0.1,62254,100727,34941,1260235,43945,72047,36666,52940,48338,8428414,0.89,0.55,0.41,0.11,5467904,4116975,3785633,0.85,0.7,0.17,0.15,331342,0.75,0.33,0.45,0.26,1350929,0.84,0.39,0.51,0.16,0.18,0.25,0.16,0.11,0.15,0.09,0.32,0.41,0.32,0.21,0.3,0.29,0.28,0.3,0.19,0.18,0.19,0.19,0.27,3148067,0.6,0.26,0.36,0.15,0.06,0.02,0.19,0.09,0.4,0.32,0.11,0.3,0.26,8313491,0.38,0.14,0.3,0.11,0.07,0.02,3273004,0.47,0.43,0.03,0.02,0.06,3701959,0.42,0.36,0.04,0.09,0.09,103677,0.34,24,45,14,61,35,0.71,0.61,2058281,0.07,0.06,0.37,0.19,0.32,5874316,0.1,0.09,0.24,0.14,0.07,0.21,0.15,0.81,0.36
Bronx,2014,522161,492481,29680,26895,22416,50211,46799,16935,27032,329891,726,1256,25493,13669,143050,164952,110871,36278,12317,6071,9460,27499,180309,177338,110535,18419,8061,492481,89396,403085,3.05,2.79,286638,144704,53849,7290,184283,5131,45743,242889,226,156,167,5421,8465,2104,2497,12620,436721,35466,20294,12687,4571,3859,4303,7912,38201,16535,1328,359100,89396,53917,35479,53754,15409,5690,4713,4529,23413,35105,16745,4300,3301,2457,2135,1216,4951,384191,33289,34545,35822,41398,40474,198663,13.9,52.85,1438159,0.47,0.53,0.08,0.07,0.07,0.07,0.09,0.15,0.13,0.13,0.06,0.05,0.06,0.04,0.01,0.03,0.97,0.2,0.33,0.01,0.04,0.01,0.01,0,0,0,0,0.01,0,0.39,0.03,0.01,0,0,0,1111679,0.58,0.58,0.51,0.07,0,0.42,648915,0.12,600996,0.54,0.54,0.48,121404,0.7,225490,0.66,558828,0.23,0.04,0.61,0.07,0.02,0.04,43.1,0.06,0.03,0.02,0.12,0.07,0.02,0.06,0.09,0.31,0.13,0.06,0.04,571566,0.8,0.14,0.05,0,492481,0.13,0.11,0.14,0.11,0.14,0.15,0.09,0.08,0.03,0.02,35649,51953,0.73,57710,0.24,14997,0.11,23947,0.13,9352,0.08,3592,0.37,0.12,0.08,0.14,0.12,0.14,0.15,0.1,0.09,0.04,0.03,39259,57228,19279,166911,23154,37525,26233,37149,38145,1416359,0.87,0.42,0.54,0.13,876093,621239,549962,0.8,0.58,0.26,0.2,71277,0.77,0.26,0.58,0.23,254854,0.82,0.25,0.64,0.18,0.29,0.38,0.26,0.16,0.21,0.12,0.42,0.51,0.43,0.32,0.43,0.43,0.41,0.44,0.28,0.28,0.26,0.3,0.38,492481,0.66,0.34,0.27,0.13,0.08,0.03,0.32,0.18,0.34,0.3,0.11,0.39,0.24,1395991,0.35,0.09,0.37,0.13,0.05,0.02,520154,0.51,0.35,0.04,0.02,0.08,610482,0.47,0.27,0.07,0.09,0.1,21106,0.54,42,55,27,82,33,0.79,0.47,393366,0.06,0.06,0.41,0.23,0.25,907037,0.16,0.14,0.27,0.17,0.07,0.13,0.07,0.71,0.19
Brooklyn,2014,1022569,942402,80167,51374,83774,182291,183753,113085,59295,346708,1807,482,59066,52336,249561,293719,175126,94277,34277,22762,41445,64078,298359,353097,221312,53216,32507,942402,268400,674002,3.05,2.61,535358,314772,78250,14022,727967,16231,60691,111909,315,333,348,9682,14926,5082,7183,19430,840386,64163,37853,10333,4221,5171,6255,16599,69811,111973,44037,574800,268400,168041,100359,167135,46571,17961,14637,13525,74441,98783,32746,16286,11408,7358,4994,4098,21893,639981,71729,64933,70956,69574,56759,306030,13.1,39.62,2621793,0.47,0.53,0.08,0.06,0.06,0.06,0.07,0.18,0.14,0.12,0.06,0.05,0.07,0.04,0.02,0.02,0.98,0.43,0.34,0,0.12,0.01,0.08,0,0,0,0,0.02,0,0.09,0.02,0.01,0,0.01,0,2074383,0.63,0.63,0.58,0.05,0,0.37,1314286,0.09,1110635,0.59,0.59,0.54,225492,0.61,354309,0.64,1175571,0.19,0.04,0.62,0.09,0.03,0.04,42.2,0.05,0.04,0.02,0.1,0.06,0.04,0.07,0.13,0.29,0.11,0.05,0.04,1201841,0.8,0.14,0.06,0,942402,0.1,0.08,0.11,0.09,0.12,0.15,0.11,0.13,0.05,0.07,50923,77210,0.78,85468,0.23,15496,0.11,23196,0.09,9718,0.05,3872,0.24,0.07,0.05,0.11,0.09,0.13,0.16,0.11,0.14,0.06,0.08,57408,86806,28729,355180,38038,57692,34276,50087,44679,2610676,0.89,0.52,0.44,0.11,1657859,1250138,1145025,0.85,0.68,0.19,0.15,105113,0.74,0.32,0.46,0.26,407721,0.84,0.35,0.55,0.16,0.2,0.27,0.2,0.15,0.2,0.14,0.29,0.39,0.32,0.23,0.33,0.33,0.33,0.33,0.21,0.2,0.24,0.22,0.29,942402,0.62,0.28,0.37,0.17,0.06,0.02,0.19,0.09,0.38,0.29,0.1,0.32,0.25,2580620,0.37,0.14,0.32,0.11,0.07,0.02,977707,0.46,0.44,0.03,0.03,0.05,1125436,0.43,0.37,0.04,0.08,0.09,34903,0.27,21,49,11,68,37,0.71,0.66,659616,0.08,0.06,0.38,0.2,0.28,1763658,0.1,0.1,0.26,0.14,0.06,0.21,0.13,0.8,0.34
Manhattan,2014,867643,762228,105415,7550,5724,9007,21663,44676,96726,681912,224,161,99637,104535,268634,211235,111610,36625,15630,7025,12712,121027,354923,257988,103957,19977,9771,762228,172744,589484,2.01,2.09,588819,152476,17154,3779,285461,13934,161365,249313,1052,0,331,24312,26460,3242,7839,31301,722661,23023,16544,5797,2156,1612,872,4986,23731,58544,75046,888500,172744,90783,81961,90582,51081,10401,7776,3977,17347,80382,41893,9569,6085,3757,2858,1866,14354,559060,101404,68312,65702,64901,57174,201567,15.89,57.5,1636268,0.47,0.53,0.05,0.04,0.04,0.04,0.07,0.23,0.15,0.13,0.06,0.06,0.08,0.04,0.02,0.04,0.96,0.56,0.15,0.01,0.12,0.02,0.07,0.01,0.01,0.01,0,0.01,0,0.13,0.04,0.01,0,0.01,0,1418130,0.67,0.67,0.63,0.04,0,0.33,954322,0.07,755793,0.64,0.64,0.59,96817,0.64,130838,0.65,878171,0.06,0.02,0.6,0.21,0.05,0.06,31.3,0.02,0.03,0.02,0.08,0.02,0.07,0.17,0.2,0.22,0.11,0.04,0.03,891619,0.84,0.08,0.07,0,762228,0.09,0.06,0.08,0.06,0.08,0.12,0.1,0.14,0.09,0.19,80798,143098,0.79,154144,0.23,18270,0.11,30034,0.07,9514,0.03,3026,0.14,0.06,0.03,0.08,0.07,0.09,0.11,0.08,0.12,0.09,0.28,95928,190235,68606,439011,70207,107217,56200,87040,69734,1625401,0.92,0.69,0.32,0.08,1136934,886767,830740,0.91,0.83,0.1,0.09,56027,0.76,0.41,0.37,0.24,250167,0.88,0.51,0.41,0.12,0.13,0.19,0.07,0.06,0.08,0.03,0.31,0.39,0.23,0.18,0.22,0.22,0.15,0.26,0.17,0.17,0.18,0.15,0.22,762228,0.42,0.16,0.28,0.1,0.03,0.01,0.12,0.05,0.58,0.46,0.13,0.18,0.25,1576684,0.48,0.13,0.21,0.07,0.11,0.03,667563,0.52,0.38,0.02,0.02,0.06,762912,0.49,0.3,0.03,0.08,0.1,18495,0.3,16,38,16,38,43,0.73,0.49,333368,0.08,0.05,0.28,0.14,0.45,1238675,0.07,0.06,0.13,0.1,0.04,0.31,0.29,0.87,0.6
Queens,2014,847773,785985,61788,159382,69232,177037,96865,48586,33504,261541,1382,244,31211,33705,183783,221351,164286,108822,46264,27591,30760,36913,224631,282012,227906,54546,21765,785985,338516,447469,3.11,2.78,296200,315971,135717,38097,579742,15468,48731,128198,163,749,142,6321,6471,3383,6428,17777,711273,49642,25070,10240,4675,10637,18457,42341,114743,126385,11038,447300,338516,204878,133638,203545,54783,22259,21929,18521,86053,132233,49281,21257,12624,10588,6459,5073,26951,422696,45025,43679,44137,46219,36811,206825,9.88,31.11,2321580,0.49,0.52,0.06,0.06,0.05,0.05,0.07,0.16,0.14,0.14,0.07,0.06,0.08,0.04,0.02,0.03,0.97,0.41,0.19,0,0.25,0.06,0.1,0.02,0,0.02,0,0.04,0,0.12,0.03,0,0,0.01,0,1897917,0.64,0.64,0.59,0.05,0,0.36,1212574,0.08,989303,0.57,0.57,0.53,167371,0.61,282856,0.66,1090495,0.32,0.06,0.52,0.06,0.02,0.03,42.8,0.07,0.04,0.02,0.1,0.08,0.03,0.08,0.11,0.24,0.12,0.07,0.04,1119419,0.8,0.13,0.07,0,785985,0.06,0.05,0.09,0.09,0.12,0.18,0.13,0.15,0.07,0.05,60509,79300,0.81,83174,0.27,17819,0.14,24478,0.06,9643,0.03,3484,0.14,0.04,0.03,0.08,0.09,0.13,0.18,0.14,0.17,0.08,0.06,67841,87237,28212,255505,43067,56764,33562,44920,44279,2306695,0.86,0.55,0.39,0.14,1503778,1148664,1062397,0.8,0.66,0.16,0.2,86267,0.71,0.32,0.41,0.3,355114,0.81,0.4,0.45,0.19,0.12,0.17,0.13,0.09,0.11,0.09,0.24,0.33,0.26,0.15,0.2,0.2,0.2,0.2,0.14,0.14,0.15,0.13,0.26,785985,0.68,0.27,0.45,0.19,0.07,0.02,0.16,0.06,0.33,0.26,0.09,0.31,0.29,2293616,0.34,0.15,0.31,0.13,0.07,0.02,923169,0.42,0.48,0.03,0.02,0.06,1001113,0.36,0.43,0.03,0.1,0.09,24609,0.28,20,41,10,58,31,0.67,0.67,551731,0.06,0.05,0.37,0.19,0.33,1640590,0.11,0.09,0.28,0.15,0.08,0.19,0.11,0.8,0.3
Staten Island,2014,178596,164971,13625,60869,44442,44728,6177,3456,2696,15639,542,47,4686,3817,21783,21853,38399,40659,19996,11754,15649,5008,27315,36580,83136,21094,5463,164971,112509,52462,2.97,2.52,27003,63375,54443,20150,144607,2715,6089,10324,0,98,30,349,759,826,884,6436,157490,5506,1975,4076,899,1644,1814,10153,54091,37240,2592,441000,112509,77689,34820,77044,20667,11918,8163,6159,30137,34526,10032,6970,4070,3232,1794,2094,6334,47253,5869,4377,5822,3620,4215,23350,6.85,27.48,473279,0.48,0.52,0.06,0.06,0.07,0.06,0.07,0.13,0.13,0.15,0.07,0.06,0.09,0.04,0.02,0.03,0.97,0.75,0.1,0,0.08,0.02,0.03,0.01,0,0.01,0,0.01,0,0.03,0.03,0.01,0,0.01,0,381285,0.58,0.58,0.55,0.04,0,0.42,222528,0.06,199074,0.53,0.53,0.51,33383,0.6,69146,0.61,205828,0.58,0.07,0.29,0.03,0.01,0.03,42.7,0.07,0.03,0.02,0.11,0.06,0.03,0.08,0.1,0.32,0.08,0.04,0.06,208838,0.75,0.2,0.05,0,164971,0.08,0.04,0.09,0.07,0.09,0.13,0.15,0.18,0.1,0.08,75657,94207,0.76,100491,0.33,19759,0.18,32246,0.05,10201,0.04,4670,0.14,0.05,0.03,0.07,0.07,0.09,0.14,0.14,0.2,0.12,0.09,85754,105362,33562,43628,36930,56591,43392,66061,52689,469283,0.93,0.7,0.34,0.07,293240,210167,197509,0.91,0.84,0.09,0.09,12658,0.83,0.5,0.37,0.17,83073,0.91,0.57,0.43,0.09,0.12,0.18,0.14,0.07,0.1,0.07,0.28,0.39,0.44,0.15,0.22,0.21,0.22,0.21,0.13,0.13,0.11,0.13,0.27,164971,0.74,0.32,0.54,0.22,0.04,0.02,0.16,0.08,0.26,0.23,0.09,0.34,0.29,466580,0.35,0.19,0.35,0.07,0.04,0.02,184411,0.38,0.52,0.02,0.03,0.05,202016,0.31,0.48,0.02,0.1,0.09,4564,0.45,33,39,0,77,18,0.58,0.76,120200,0.06,0.05,0.37,0.22,0.3,324356,0.05,0.07,0.32,0.17,0.08,0.19,0.12,0.88,0.31
NYC,2013,3394486,3084861,309625,299134,238775,452928,346586,224566,216255,1609627,4384,2231,230930,226140,844709,863753,579647,328073,137320,76616,107298,269390,1063122,1075166,744333,169398,73077,3084861,988094,2096767,2.88,2.57,1677085,977237,345148,85391,1846863,58886,312877,758679,2502,1535,908,49446,53165,12451,23371,74825,2811221,168533,105107,39135,18021,22279,31382,92658,310031,357744,116844,488100,988094,600505,387589,595515,187633,67778,56364,47412,236328,381818,148517,57247,40809,26000,20381,16585,72279,1993546,257699,211053,233114,215528,181557,894595,12.52,49.31,8405837,0.48,0.52,0.07,0.06,0.06,0.06,0.08,0.18,0.14,0.13,0.06,0.05,0.07,0.04,0.02,0.03,0.97,0.44,0.25,0,0.14,0.02,0.07,0.01,0,0.01,0,0.02,0,0.15,0.03,0.01,0,0.01,0,6813812,0.64,0.64,0.57,0.06,0,0.37,4324997,0.1,3617268,0.58,0.58,0.53,630157,0.61,1066348,0.65,3814140,0.21,0.05,0.57,0.1,0.03,0.04,39.7,0.05,0.04,0.02,0.1,0.06,0.04,0.1,0.13,0.26,0.11,0.06,0.04,3900766,0.81,0.13,0.06,0,3084861,0.11,0.06,0.1,0.09,0.12,0.15,0.11,0.13,0.06,0.08,52931,85671,0.78,92225,0.25,15959,0.12,25331,0.08,8555,0.04,4082,0.21,0.07,0.05,0.1,0.1,0.12,0.16,0.11,0.14,0.06,0.09,58896,94234,33072,1245393,41670,69830,35177,49516,46356,8342235,0.87,0.54,0.4,0.13,5519292,4131162,3727366,0.82,0.7,0.14,0.18,403796,0.69,0.31,0.41,0.31,1388130,0.82,0.38,0.49,0.18,0.18,0.25,0.17,0.11,0.15,0.09,0.31,0.41,0.33,0.21,0.3,0.3,0.27,0.31,0.19,0.19,0.19,0.19,0.27,3084861,0.6,0.27,0.36,0.16,0.06,0.02,0.18,0.09,0.4,0.33,0.11,0.31,0.26,8226741,0.38,0.13,0.31,0.11,0.07,0.02,3244259,0.47,0.42,0.02,0.02,0.06,3660417,0.42,0.36,0.04,0.09,0.09,106627,0.34,26,47,15,66,33,0.71,0.62,2081141,0.07,0.05,0.37,0.19,0.33,5788686,0.1,0.09,0.24,0.14,0.06,0.21,0.15,0.8,0.36
Bronx,2013,516474,481143,35331,25996,22118,51328,50467,19446,25947,319503,752,917,40538,16496,136455,154007,101739,37472,13585,7256,8926,42753,166653,171843,107952,20045,7228,481143,89153,391990,3.03,2.82,281921,143773,47056,8393,179561,7303,38717,242066,321,155,338,5333,7349,1998,3284,11229,422594,30757,27792,8468,3430,5045,5481,10045,39340,15936,1408,369400,89153,53570,35583,53299,13973,5942,5330,4117,23937,34933,13809,4738,3320,1563,2089,1670,7744,375748,34909,33554,40353,43142,36656,187134,14.13,62.11,1418733,0.47,0.53,0.08,0.07,0.07,0.07,0.09,0.15,0.13,0.13,0.05,0.05,0.06,0.04,0.02,0.04,0.96,0.21,0.33,0.01,0.04,0.01,0,0,0,0,0,0.02,0,0.38,0.04,0.01,0,0,0,1093503,0.59,0.59,0.5,0.09,0,0.41,644781,0.15,589605,0.55,0.55,0.47,120739,0.65,219938,0.69,534679,0.22,0.05,0.59,0.09,0.02,0.03,42.2,0.05,0.04,0.02,0.12,0.06,0.02,0.07,0.08,0.32,0.12,0.06,0.04,550661,0.8,0.15,0.05,0,481143,0.16,0.09,0.14,0.12,0.13,0.15,0.09,0.08,0.02,0.02,33880,49599,0.73,55701,0.25,13592,0.11,20481,0.14,8536,0.07,3644,0.38,0.12,0.08,0.14,0.13,0.14,0.16,0.1,0.09,0.03,0.02,37814,54573,18201,166375,21872,35902,25489,35759,36257,1394745,0.86,0.42,0.52,0.15,882265,619353,530406,0.78,0.59,0.22,0.22,88947,0.72,0.23,0.53,0.28,262912,0.84,0.27,0.64,0.16,0.28,0.36,0.25,0.16,0.2,0.12,0.4,0.48,0.4,0.31,0.42,0.42,0.39,0.43,0.27,0.28,0.24,0.29,0.4,481143,0.65,0.33,0.27,0.12,0.08,0.03,0.31,0.18,0.35,0.31,0.1,0.38,0.24,1374742,0.35,0.09,0.37,0.13,0.06,0.02,513544,0.53,0.34,0.04,0.02,0.08,599692,0.46,0.27,0.07,0.1,0.11,22308,0.51,43,58,17,95,32,0.71,0.58,406402,0.06,0.05,0.4,0.22,0.28,887739,0.14,0.14,0.28,0.18,0.07,0.12,0.07,0.71,0.19
Brooklyn,2013,1006081,925489,80592,51348,86012,180967,175634,106716,58217,345088,1407,692,51674,49342,244510,283306,183362,94932,38076,23000,37879,56819,287876,347686,227484,55027,31189,925489,274241,651248,3.03,2.64,503768,310340,97414,13967,708931,19848,67864,103757,132,427,325,9219,14986,5075,7334,18478,831927,61886,31676,8496,5925,4553,6344,20475,72510,122847,33091,557000,274241,173241,101000,172023,45333,17759,16391,14447,78093,99546,35366,14796,10862,7753,5841,4001,20927,612183,75221,60656,70573,69180,57276,279277,13.79,47.45,2592149,0.47,0.53,0.07,0.06,0.06,0.06,0.08,0.18,0.14,0.12,0.06,0.05,0.07,0.04,0.02,0.02,0.98,0.43,0.34,0,0.11,0.01,0.08,0,0,0,0,0.02,0,0.09,0.02,0.01,0,0.01,0,2051110,0.63,0.63,0.57,0.07,0,0.37,1298411,0.1,1098841,0.59,0.59,0.53,221209,0.59,356432,0.65,1139298,0.18,0.05,0.62,0.08,0.03,0.04,41.8,0.05,0.04,0.03,0.09,0.06,0.04,0.08,0.13,0.29,0.1,0.06,0.04,1163409,0.8,0.14,0.06,0,925489,0.12,0.07,0.11,0.1,0.12,0.16,0.11,0.12,0.05,0.06,48301,72671,0.78,79719,0.23,15025,0.11,22481,0.09,8941,0.04,4483,0.25,0.07,0.06,0.11,0.11,0.12,0.17,0.11,0.13,0.06,0.07,53846,80065,27077,339333,36450,56118,32341,45082,42481,2581940,0.87,0.51,0.43,0.13,1672214,1249995,1120799,0.82,0.67,0.17,0.18,129196,0.68,0.3,0.42,0.32,422219,0.83,0.35,0.53,0.17,0.2,0.27,0.2,0.14,0.19,0.15,0.3,0.39,0.29,0.23,0.33,0.33,0.32,0.33,0.2,0.2,0.23,0.22,0.3,925489,0.63,0.29,0.37,0.18,0.06,0.02,0.2,0.09,0.37,0.29,0.1,0.34,0.25,2551419,0.36,0.14,0.32,0.11,0.07,0.02,967662,0.46,0.44,0.02,0.02,0.06,1113582,0.42,0.37,0.04,0.08,0.09,35746,0.33,27,51,22,72,34,0.76,0.58,670123,0.08,0.06,0.38,0.2,0.29,1733746,0.11,0.1,0.26,0.14,0.06,0.2,0.13,0.79,0.33
Manhattan,2013,852642,726357,126285,5582,5541,7342,17510,46747,95068,673977,293,582,103279,118875,268160,194686,94486,39095,16366,8566,9129,128078,360429,242707,95406,18768,7254,726357,167447,558910,2.05,2.19,565404,140138,17562,3253,277885,11011,152460,235066,850,317,89,27877,20802,2217,6541,21013,687328,20846,18183,6633,2882,1270,899,5698,21974,59190,68901,848600,167447,86545,80902,85329,48072,10066,6185,4337,16669,79642,42284,9288,7148,3982,2767,1974,12199,537732,95295,62098,69419,56859,47906,206155,16.93,73.75,1626159,0.47,0.53,0.05,0.04,0.04,0.04,0.08,0.23,0.15,0.13,0.06,0.06,0.08,0.04,0.02,0.04,0.96,0.57,0.15,0,0.12,0.02,0.06,0.01,0.01,0.01,0,0.01,0,0.13,0.04,0.01,0,0.01,0,1412105,0.67,0.67,0.62,0.05,0,0.33,949550,0.08,754053,0.62,0.62,0.58,94439,0.6,133895,0.64,859733,0.06,0.02,0.6,0.2,0.06,0.07,30.8,0.02,0.03,0.02,0.09,0.02,0.06,0.17,0.2,0.23,0.11,0.04,0.02,878397,0.84,0.08,0.07,0,726357,0.1,0.05,0.09,0.07,0.08,0.12,0.09,0.14,0.08,0.18,72819,136418,0.79,144355,0.23,16845,0.1,34405,0.06,7852,0.02,3772,0.15,0.07,0.04,0.09,0.07,0.08,0.1,0.08,0.13,0.08,0.26,90194,180714,64372,432596,64100,105282,51712,82179,65663,1615690,0.91,0.67,0.32,0.09,1152250,893030,825647,0.9,0.82,0.09,0.1,67383,0.68,0.34,0.37,0.32,259220,0.87,0.5,0.42,0.13,0.15,0.21,0.11,0.07,0.08,0.03,0.32,0.44,0.36,0.19,0.26,0.25,0.21,0.28,0.18,0.17,0.19,0.18,0.21,726357,0.4,0.16,0.26,0.1,0.03,0.01,0.11,0.05,0.6,0.49,0.13,0.18,0.24,1565422,0.46,0.12,0.22,0.08,0.12,0.02,663831,0.54,0.35,0.02,0.02,0.07,758265,0.49,0.3,0.04,0.07,0.1,15918,0.19,9,33,3,36,34,0.74,0.65,340951,0.07,0.03,0.28,0.14,0.47,1230210,0.07,0.06,0.13,0.1,0.03,0.33,0.27,0.87,0.6
Queens,2013,841254,784243,57011,157941,78522,170904,96507,48857,33636,253303,1544,40,32136,37183,174061,205249,168819,116950,46882,25237,34737,38156,219584,275957,233783,53207,20567,784243,344236,440007,3.1,2.74,295852,321534,128953,37904,536796,18804,46943,165021,638,534,156,6656,8695,2447,5401,18938,706876,52006,25361,12226,4603,9732,17354,43497,121477,124579,10768,439500,344236,209833,134403,208529,56047,23845,20145,18296,90196,132315,45924,22286,14450,10168,7432,7200,24855,417923,45974,49012,46657,41896,35772,198612,10.51,35.06,2296175,0.49,0.51,0.06,0.06,0.05,0.06,0.07,0.16,0.14,0.14,0.07,0.06,0.07,0.04,0.02,0.03,0.97,0.42,0.18,0,0.25,0.06,0.1,0.02,0,0.02,0,0.04,0,0.11,0.03,0.01,0,0.01,0,1877857,0.64,0.64,0.59,0.06,0,0.36,1205352,0.09,976643,0.57,0.57,0.52,161489,0.6,285097,0.65,1073003,0.31,0.07,0.52,0.06,0.02,0.03,42.3,0.07,0.05,0.03,0.1,0.07,0.03,0.08,0.12,0.23,0.12,0.07,0.04,1098023,0.8,0.14,0.06,0,784243,0.07,0.05,0.1,0.09,0.13,0.17,0.13,0.15,0.06,0.05,57288,74862,0.81,78397,0.26,16853,0.14,22973,0.05,8310,0.03,4076,0.15,0.05,0.03,0.09,0.09,0.13,0.18,0.14,0.17,0.07,0.06,64055,82532,26896,261539,40327,54245,32577,43506,44181,2281237,0.83,0.54,0.37,0.17,1514401,1154286,1051676,0.77,0.65,0.14,0.23,102610,0.66,0.34,0.35,0.34,360115,0.76,0.38,0.42,0.24,0.12,0.17,0.11,0.09,0.12,0.07,0.21,0.31,0.27,0.15,0.21,0.21,0.18,0.21,0.14,0.14,0.14,0.13,0.26,784243,0.67,0.28,0.45,0.2,0.07,0.02,0.16,0.06,0.33,0.27,0.1,0.32,0.28,2269656,0.35,0.15,0.3,0.13,0.07,0.02,914337,0.42,0.48,0.02,0.02,0.06,988687,0.35,0.43,0.04,0.09,0.09,28370,0.31,27,48,12,71,33,0.65,0.67,542908,0.06,0.05,0.37,0.2,0.32,1615683,0.11,0.08,0.27,0.14,0.09,0.19,0.11,0.81,0.3
Staten Island,2013,178035,167629,10406,58267,46582,42387,6468,2800,3387,17756,388,0,3303,4244,21523,26505,31241,39624,22411,12557,16627,3584,28580,36973,79708,22351,6839,167629,113017,54612,2.94,2.45,30140,61452,54163,21874,143690,1920,6893,12769,561,102,0,361,1333,714,811,5167,162496,3038,2095,3312,1181,1679,1304,12943,54730,35192,2676,432600,113017,77316,35701,76335,24208,10166,8313,6215,27433,35382,11134,6139,5029,2534,2252,1740,6554,49960,6300,5733,6112,4451,3947,23417,7.23,28.16,472621,0.48,0.52,0.06,0.06,0.07,0.06,0.07,0.13,0.13,0.15,0.07,0.06,0.08,0.04,0.02,0.02,0.98,0.76,0.1,0,0.08,0.02,0.03,0.01,0,0.01,0,0.01,0,0.04,0.02,0,0,0,0,379237,0.6,0.6,0.55,0.04,0,0.4,226903,0.07,198126,0.53,0.53,0.5,32281,0.62,70986,0.6,207427,0.55,0.08,0.31,0.02,0.01,0.03,43.9,0.07,0.02,0.02,0.09,0.07,0.03,0.11,0.12,0.28,0.07,0.05,0.07,210276,0.75,0.21,0.05,0,167629,0.07,0.04,0.09,0.07,0.1,0.17,0.12,0.19,0.09,0.08,70379,91669,0.79,96062,0.3,18913,0.19,28721,0.05,9556,0.03,4788,0.13,0.05,0.02,0.06,0.06,0.09,0.16,0.12,0.22,0.12,0.1,86947,106539,32905,45550,36816,48694,42770,61513,50633,468623,0.91,0.68,0.32,0.09,298162,214498,198838,0.89,0.82,0.09,0.11,15660,0.75,0.47,0.29,0.25,83664,0.86,0.56,0.36,0.14,0.1,0.16,0.18,0.05,0.07,0.03,0.27,0.38,0.49,0.13,0.19,0.18,0.18,0.19,0.11,0.12,0.09,0.11,0.25,167629,0.73,0.32,0.53,0.23,0.06,0.02,0.15,0.07,0.27,0.24,0.1,0.35,0.29,465502,0.36,0.19,0.35,0.08,0.03,0.01,184885,0.39,0.53,0.01,0.03,0.04,200191,0.3,0.48,0.02,0.11,0.09,4285,0.32,22,37,19,51,30,0.72,0.6,120757,0.05,0.05,0.4,0.21,0.3,321308,0.05,0.06,0.32,0.18,0.08,0.18,0.13,0.89,0.31
NYC,2012,3385281,3085814,299467,314092,231910,443829,351319,224390,213518,1599469,4258,2496,226384,203575,864837,868941,578684,321218,139631,75738,106273,262001,1062995,1077716,736075,169312,77182,3085814,979125,2106689,2.85,2.55,1742843,956795,303507,82669,1829322,45195,330257,810510,2254,1898,726,32925,32727,13751,27595,99911,2813276,174406,98132,28920,20156,24716,31646,98035,323370,351958,100324,478400,979125,614420,364705,610191,166586,75197,61257,51387,255764,359067,122499,54601,39478,26969,21062,14988,79470,2002958,251276,214599,226144,228208,183088,899643,12.52,49.32,8336697,0.48,0.52,0.07,0.06,0.06,0.06,0.08,0.17,0.14,0.13,0.06,0.05,0.07,0.04,0.02,0.03,0.97,0.44,0.25,0,0.13,0.03,0.06,0.01,0,0.01,0,0.02,0,0.15,0.03,0.01,0,0.01,0,6749280,0.64,0.64,0.57,0.07,0,0.36,4292569,0.11,3589693,0.59,0.59,0.52,622355,0.61,1084651,0.66,3749071,0.23,0.05,0.56,0.1,0.03,0.04,39.3,0.05,0.04,0.02,0.1,0.06,0.04,0.1,0.13,0.27,0.11,0.06,0.04,3836042,0.8,0.13,0.07,0,3085814,0.11,0.06,0.11,0.09,0.12,0.16,0.11,0.13,0.05,0.07,51890,81497,0.78,88275,0.24,15902,0.12,25711,0.08,8936,0.04,4200,0.21,0.08,0.05,0.11,0.09,0.12,0.16,0.11,0.14,0.06,0.08,56729,88947,31686,1256014,41491,67511,34972,50072,45712,8273096,0.86,0.54,0.4,0.14,5475992,4095541,3664281,0.82,0.69,0.15,0.18,431260,0.69,0.3,0.43,0.31,1380451,0.81,0.38,0.49,0.19,0.18,0.26,0.19,0.11,0.15,0.12,0.32,0.43,0.37,0.21,0.31,0.31,0.31,0.31,0.19,0.18,0.19,0.2,0.26,3085814,0.59,0.27,0.36,0.16,0.06,0.02,0.18,0.09,0.41,0.33,0.11,0.31,0.25,8159653,0.38,0.13,0.31,0.11,0.07,0.02,3209489,0.47,0.42,0.03,0.02,0.07,3635303,0.42,0.36,0.04,0.09,0.1,111132,0.36,28,49,17,70,33,0.72,0.63,2090177,0.06,0.05,0.36,0.2,0.33,5702294,0.1,0.1,0.24,0.15,0.06,0.21,0.14,0.8,0.35
Bronx,2012,514051,475978,38073,30361,26607,44108,45542,18400,24740,323481,615,197,30392,15125,139587,160094,101678,37809,13181,6941,9244,32864,166715,176055,113014,16959,8444,475978,91116,384862,2.96,2.85,295227,136798,36089,7864,176225,6071,40309,242480,97,509,106,4457,5724,2795,3704,15409,418828,36922,20228,7403,3895,5258,6617,11400,38341,16901,1301,357700,91116,57741,33375,57565,14116,6941,6322,5093,25093,32851,12484,4554,3184,2045,2261,1654,6669,370186,35354,36693,32090,38332,37964,189753,14.13,62.11,1408473,0.47,0.53,0.08,0.07,0.07,0.08,0.09,0.15,0.13,0.13,0.06,0.04,0.06,0.03,0.02,0.03,0.97,0.21,0.33,0.01,0.04,0.01,0.01,0,0,0,0,0.01,0,0.38,0.03,0.01,0,0,0,1083121,0.59,0.59,0.5,0.09,0,0.41,641300,0.16,587604,0.55,0.55,0.47,121623,0.64,229293,0.7,526809,0.23,0.05,0.6,0.08,0.01,0.03,42.8,0.05,0.04,0.02,0.13,0.07,0.02,0.07,0.09,0.32,0.12,0.06,0.04,541891,0.8,0.15,0.05,0,475978,0.17,0.1,0.14,0.11,0.13,0.14,0.09,0.08,0.02,0.02,33516,49115,0.72,55238,0.24,14049,0.11,21819,0.13,8887,0.07,3620,0.38,0.13,0.08,0.15,0.11,0.14,0.15,0.1,0.09,0.03,0.02,37209,54134,18151,164057,21811,35704,25629,36605,35838,1384538,0.85,0.43,0.51,0.15,872334,616480,522092,0.78,0.59,0.22,0.22,94388,0.71,0.24,0.54,0.29,255854,0.83,0.27,0.62,0.18,0.29,0.39,0.31,0.14,0.19,0.18,0.43,0.53,0.44,0.31,0.45,0.44,0.45,0.44,0.26,0.26,0.25,0.3,0.37,475978,0.66,0.35,0.27,0.13,0.08,0.03,0.31,0.18,0.35,0.31,0.11,0.39,0.24,1365474,0.35,0.09,0.38,0.13,0.05,0.02,506313,0.51,0.35,0.04,0.02,0.08,596212,0.47,0.27,0.07,0.09,0.11,21538,0.62,51,56,28,90,30,0.79,0.56,402490,0.06,0.05,0.4,0.23,0.27,873653,0.15,0.16,0.27,0.18,0.07,0.12,0.06,0.7,0.18
Brooklyn,2012,1003114,919333,83781,57037,83462,177076,178535,110230,54347,341046,1041,340,58675,47225,247283,290006,174261,89780,35391,21621,38872,63255,288603,343196,221378,56079,30603,919333,273302,646031,3.03,2.63,523480,310300,71266,14287,691290,13560,57345,139192,576,755,62,7909,8644,3193,6841,24574,819127,65181,35025,6719,6845,5208,6717,19828,78641,120881,28463,537500,273302,172718,100584,171617,38304,19838,16457,14695,82323,99134,27146,15351,11968,8588,5538,5463,25080,608898,68256,64318,69573,72166,56163,278422,13.8,47.45,2565635,0.47,0.53,0.07,0.06,0.06,0.06,0.08,0.18,0.14,0.13,0.06,0.05,0.06,0.04,0.02,0.02,0.98,0.44,0.34,0,0.11,0.01,0.08,0,0,0,0,0.02,0,0.08,0.02,0,0,0.01,0,2027847,0.63,0.63,0.56,0.07,0,0.37,1274258,0.11,1087112,0.58,0.58,0.52,214445,0.6,361114,0.64,1108492,0.2,0.04,0.61,0.09,0.03,0.04,41,0.05,0.04,0.02,0.1,0.06,0.04,0.08,0.12,0.29,0.1,0.06,0.04,1132538,0.79,0.15,0.07,0,919333,0.12,0.07,0.12,0.1,0.12,0.17,0.1,0.12,0.05,0.05,46283,67111,0.78,74267,0.23,15024,0.1,22422,0.08,9233,0.04,4315,0.25,0.08,0.06,0.11,0.1,0.13,0.17,0.11,0.13,0.05,0.06,51647,73793,24943,338933,34514,52197,32257,43511,42040,2557164,0.87,0.5,0.43,0.14,1656994,1227896,1091842,0.82,0.67,0.17,0.18,136054,0.69,0.27,0.45,0.31,429098,0.81,0.34,0.52,0.19,0.21,0.29,0.24,0.15,0.21,0.16,0.31,0.41,0.43,0.24,0.35,0.35,0.36,0.34,0.21,0.21,0.24,0.23,0.3,919333,0.63,0.29,0.38,0.18,0.06,0.02,0.2,0.09,0.37,0.29,0.1,0.33,0.25,2527449,0.36,0.14,0.33,0.11,0.07,0.02,956196,0.46,0.44,0.02,0.02,0.05,1103649,0.42,0.37,0.04,0.09,0.09,37694,0.34,30,54,18,77,37,0.7,0.62,673089,0.07,0.06,0.37,0.21,0.3,1703372,0.11,0.11,0.27,0.14,0.06,0.19,0.12,0.79,0.31
Manhattan,2012,850490,746686,103804,5235,5843,10140,19818,46086,101284,660002,1113,969,99334,103102,285254,193722,96408,41493,15017,6825,9335,122256,366746,244487,92688,18517,5796,746686,164659,582027,1.96,2.12,590057,139291,14481,2857,273698,8857,181191,253738,899,65,469,14937,12832,3775,8700,29280,708957,20816,16913,5609,1550,1260,645,9488,28931,56485,60691,742700,164659,90622,74037,89778,44595,11231,6687,6099,21166,72667,33681,7360,6389,3711,4617,1546,15363,557868,98151,62480,67833,70164,50532,208708,16.93,73.75,1619090,0.47,0.53,0.05,0.04,0.04,0.05,0.08,0.23,0.15,0.13,0.06,0.06,0.08,0.04,0.02,0.04,0.96,0.57,0.15,0,0.11,0.02,0.06,0.01,0.01,0.01,0,0.01,0,0.12,0.04,0.01,0,0.01,0,1402674,0.68,0.68,0.62,0.06,0,0.32,951013,0.09,748127,0.64,0.64,0.58,92735,0.65,136886,0.68,849332,0.07,0.02,0.59,0.2,0.05,0.08,31,0.02,0.03,0.02,0.09,0.02,0.07,0.16,0.19,0.23,0.1,0.04,0.03,867170,0.83,0.08,0.08,0,746686,0.1,0.06,0.09,0.06,0.09,0.14,0.1,0.13,0.07,0.17,69234,128271,0.79,137847,0.23,16508,0.1,31638,0.07,8548,0.03,4414,0.14,0.07,0.05,0.09,0.07,0.09,0.11,0.07,0.13,0.08,0.24,83295,168948,62166,450745,63873,100102,52231,81290,65386,1606757,0.9,0.66,0.32,0.1,1146133,894031,816228,0.89,0.81,0.1,0.11,77803,0.73,0.35,0.42,0.27,252102,0.86,0.49,0.42,0.14,0.15,0.21,0.12,0.07,0.08,0.03,0.33,0.42,0.4,0.18,0.26,0.26,0.22,0.27,0.16,0.16,0.18,0.17,0.19,746686,0.4,0.16,0.25,0.1,0.03,0.01,0.11,0.05,0.6,0.5,0.13,0.18,0.23,1557414,0.48,0.12,0.22,0.08,0.11,0.03,660133,0.53,0.35,0.02,0.02,0.08,754185,0.49,0.29,0.04,0.07,0.11,17180,0.29,15,36,16,40,33,0.81,0.54,336919,0.07,0.04,0.29,0.15,0.44,1213989,0.07,0.07,0.13,0.11,0.04,0.31,0.28,0.86,0.59
Queens,2012,840147,780349,59798,161184,72103,170182,100491,46885,30222,257165,1137,778,32942,34820,172736,199799,174869,111414,50986,27809,34772,38150,214528,276841,230766,53942,25920,780349,340026,440323,3.06,2.73,303898,308468,129157,38826,544146,14839,46076,163915,682,413,89,5239,4950,3325,7162,28215,708303,48134,23912,7434,6515,11604,15627,45075,122686,123594,7491,439400,340026,215259,124767,213914,51267,25430,21460,18363,97394,122802,39438,21260,14535,9433,6723,4857,26556,416395,43869,44988,49384,43198,35470,199486,10.51,35.1,2272771,0.49,0.52,0.06,0.06,0.06,0.06,0.07,0.16,0.14,0.14,0.07,0.05,0.07,0.04,0.02,0.03,0.97,0.42,0.18,0.01,0.24,0.06,0.09,0.02,0,0.03,0,0.04,0,0.12,0.03,0,0,0.01,0,1859445,0.65,0.65,0.58,0.06,0,0.35,1201695,0.1,969166,0.58,0.58,0.52,159749,0.6,287536,0.67,1059032,0.32,0.06,0.52,0.06,0.02,0.02,41.6,0.07,0.04,0.03,0.1,0.08,0.02,0.08,0.11,0.24,0.12,0.07,0.04,1086224,0.8,0.14,0.07,0,780349,0.08,0.04,0.11,0.1,0.12,0.19,0.13,0.14,0.06,0.04,56185,72390,0.81,75127,0.26,16695,0.13,24590,0.06,8548,0.04,4689,0.14,0.05,0.03,0.1,0.1,0.13,0.18,0.14,0.17,0.07,0.05,62685,79227,26141,257100,39035,53380,32105,45412,41686,2257622,0.83,0.53,0.37,0.17,1502395,1144337,1035893,0.77,0.65,0.14,0.23,108444,0.64,0.33,0.34,0.36,358058,0.76,0.38,0.42,0.25,0.13,0.19,0.13,0.1,0.14,0.12,0.21,0.33,0.19,0.16,0.23,0.23,0.22,0.23,0.14,0.15,0.13,0.14,0.26,780349,0.67,0.28,0.45,0.2,0.07,0.02,0.16,0.07,0.33,0.27,0.09,0.32,0.28,2245502,0.35,0.15,0.31,0.13,0.07,0.02,904319,0.41,0.48,0.02,0.02,0.06,980523,0.35,0.43,0.04,0.1,0.09,29963,0.27,24,50,12,77,33,0.65,0.72,553866,0.06,0.05,0.36,0.19,0.33,1591957,0.11,0.1,0.27,0.15,0.08,0.19,0.11,0.8,0.3
Staten Island,2012,177479,163468,14011,60275,43895,42323,6933,2789,2925,17775,352,212,5041,3303,19977,25320,31468,40722,25056,12542,14050,5476,26403,37137,78229,23815,6419,163468,110022,53446,3.02,2.47,30181,61938,52514,18835,143963,1868,5336,11185,0,156,0,383,577,663,1188,2433,158061,3353,2054,1755,1351,1386,2040,12244,54771,34097,2378,434000,110022,78080,31942,77317,18304,11757,10331,7137,29788,31613,9750,6076,3402,3192,1923,1468,5802,49611,5646,6120,7264,4348,2959,23274,7.23,28.2,470728,0.48,0.52,0.06,0.06,0.07,0.07,0.07,0.13,0.13,0.15,0.06,0.07,0.08,0.04,0.02,0.02,0.98,0.74,0.11,0,0.08,0.01,0.03,0.01,0,0.01,0,0.01,0,0.05,0.02,0.01,0,0,0,376193,0.6,0.6,0.55,0.04,0,0.4,224303,0.07,197684,0.54,0.54,0.5,33803,0.56,69822,0.64,205406,0.57,0.08,0.29,0.03,0.01,0.02,41.3,0.07,0.04,0.02,0.11,0.06,0.02,0.09,0.1,0.29,0.07,0.05,0.07,208219,0.74,0.22,0.04,0,163468,0.07,0.04,0.07,0.07,0.1,0.16,0.15,0.2,0.09,0.05,73089,86510,0.76,91670,0.31,18521,0.21,31030,0.06,10544,0.03,3623,0.13,0.04,0.02,0.05,0.06,0.09,0.16,0.17,0.23,0.11,0.06,84961,97944,30871,45179,36649,53161,41962,60883,50440,467015,0.92,0.71,0.3,0.08,298136,212797,198226,0.9,0.83,0.08,0.1,14571,0.75,0.5,0.29,0.26,85339,0.88,0.58,0.36,0.12,0.09,0.13,0.06,0.04,0.04,0.04,0.28,0.38,0.21,0.12,0.15,0.14,0.14,0.14,0.11,0.11,0.11,0.09,0.27,163468,0.72,0.33,0.53,0.24,0.05,0.02,0.15,0.08,0.28,0.24,0.1,0.37,0.29,463814,0.35,0.19,0.36,0.07,0.04,0.01,182528,0.38,0.52,0.01,0.03,0.06,200734,0.33,0.46,0.02,0.11,0.08,4757,0.21,15,41,3,71,27,0.7,0.68,123813,0.06,0.05,0.38,0.22,0.29,319323,0.05,0.07,0.31,0.2,0.08,0.18,0.12,0.88,0.3
NYC,2011,3368809,3023330,345479,305727,226246,455990,350567,229999,207245,1585220,4834,2981,217015,211732,848707,867604,571820,318259,137800,74811,121061,250029,1050893,1085438,731399,170036,81014,3023330,946765,2076565,2.89,2.57,1699230,937851,302988,83261,1792560,39209,276562,849707,1858,1552,1469,32005,28408,24690,35048,113222,2753018,169731,100581,24775,15969,23165,31931,84587,307604,353479,105255,490900,946765,596803,349962,591988,161781,67091,56857,46672,259587,346382,118558,56036,41317,24020,17917,15659,72875,1973029,249221,211245,218923,218524,180176,894940,12.52,49.32,8244910,0.48,0.52,0.07,0.06,0.06,0.06,0.08,0.17,0.14,0.14,0.06,0.05,0.07,0.04,0.02,0.03,0.97,0.44,0.25,0,0.13,0.03,0.06,0.01,0,0.01,0,0.02,0,0.15,0.03,0.01,0,0.01,0,6673545,0.63,0.63,0.56,0.07,0,0.37,4206481,0.11,3550711,0.57,0.57,0.51,609883,0.59,1081340,0.66,3646436,0.22,0.05,0.56,0.1,0.03,0.04,39.1,0.05,0.04,0.02,0.1,0.06,0.04,0.1,0.13,0.26,0.11,0.06,0.04,3734282,0.8,0.14,0.07,0,3023330,0.1,0.07,0.11,0.09,0.12,0.15,0.11,0.12,0.06,0.07,52049,82532,0.78,89195,0.24,15772,0.12,24524,0.08,9139,0.04,4043,0.21,0.07,0.06,0.11,0.09,0.12,0.16,0.11,0.13,0.06,0.08,57027,90451,31790,1208358,39769,67397,33743,48288,45067,8180575,0.85,0.54,0.39,0.15,5430666,4032298,3582107,0.81,0.68,0.15,0.19,450191,0.65,0.29,0.39,0.35,1398368,0.82,0.39,0.47,0.18,0.18,0.25,0.19,0.11,0.14,0.11,0.32,0.4,0.36,0.21,0.3,0.3,0.29,0.3,0.19,0.18,0.19,0.19,0.27,3023330,0.6,0.27,0.36,0.16,0.06,0.02,0.19,0.09,0.4,0.33,0.1,0.31,0.25,8071057,0.38,0.13,0.31,0.11,0.07,0.02,3171312,0.47,0.42,0.03,0.02,0.07,3598064,0.42,0.36,0.04,0.09,0.1,116715,0.37,30,52,20,74,35,0.69,0.64,2074477,0.06,0.05,0.37,0.2,0.32,5617654,0.11,0.1,0.25,0.15,0.06,0.2,0.14,0.8,0.34
Bronx,2011,512320,467138,45182,31005,22828,49104,50878,20041,25975,310869,1045,575,28694,14613,147580,153517,100372,37635,12025,7042,10842,30936,169592,173003,112477,17238,9074,467138,88816,378322,3.14,2.83,285399,136695,35676,9368,167384,5428,35072,250398,331,103,85,4050,4287,2824,4504,14797,410513,37190,19435,8296,3174,6792,4657,8039,38002,17985,1871,372100,88816,56906,31910,56713,13686,5582,5278,4778,27389,31329,12237,4279,3193,2524,1410,1152,6534,361819,34219,34983,33047,39847,35245,184478,14.13,62.11,1392002,0.47,0.53,0.08,0.07,0.07,0.08,0.08,0.15,0.13,0.13,0.06,0.04,0.06,0.03,0.01,0.04,0.96,0.23,0.34,0.01,0.04,0.01,0.01,0,0,0,0,0.01,0,0.36,0.04,0.01,0,0,0,1069576,0.6,0.6,0.5,0.1,0,0.4,638559,0.16,578553,0.55,0.55,0.47,118032,0.64,228961,0.69,515825,0.23,0.05,0.58,0.08,0.02,0.04,41.7,0.05,0.04,0.02,0.12,0.06,0.02,0.07,0.08,0.32,0.11,0.07,0.04,534369,0.78,0.16,0.06,0,467138,0.15,0.1,0.15,0.11,0.13,0.14,0.09,0.08,0.02,0.01,33538,48965,0.73,54863,0.24,13915,0.11,18333,0.13,8881,0.08,3279,0.38,0.12,0.09,0.15,0.12,0.14,0.16,0.1,0.09,0.03,0.02,38530,53700,17767,155884,21629,35081,25102,36734,36133,1369134,0.84,0.43,0.5,0.16,863537,614836,515896,0.77,0.58,0.22,0.23,98940,0.65,0.2,0.49,0.35,248701,0.84,0.28,0.63,0.16,0.28,0.36,0.29,0.14,0.18,0.13,0.41,0.49,0.48,0.3,0.41,0.41,0.4,0.41,0.27,0.27,0.25,0.29,0.38,467138,0.67,0.36,0.27,0.14,0.08,0.03,0.32,0.19,0.33,0.29,0.1,0.41,0.23,1349931,0.35,0.1,0.37,0.13,0.05,0.02,499980,0.51,0.34,0.04,0.03,0.08,587870,0.47,0.27,0.07,0.08,0.11,22038,0.56,47,58,27,94,31,0.71,0.6,400275,0.06,0.05,0.41,0.22,0.26,861146,0.16,0.15,0.28,0.17,0.07,0.11,0.06,0.69,0.17
Brooklyn,2011,1001296,901062,100234,55477,81694,174213,180246,108744,57238,341756,1601,327,55632,51705,252147,283398,168516,90974,36724,21108,41092,60986,296508,343124,215549,54436,30693,901062,258193,642869,3.13,2.62,522054,291854,73032,14122,666962,14249,50547,152038,519,494,674,6807,8772,7477,10752,32119,806487,58681,35894,4534,4937,4065,6080,18650,69141,122489,28297,563200,258193,167097,91096,165820,35839,18230,16631,12688,82432,90008,26338,14420,10677,7060,4942,5262,21309,605466,65255,61240,69605,65178,57539,286649,13.8,47.45,2532645,0.47,0.53,0.07,0.06,0.06,0.06,0.08,0.17,0.14,0.13,0.06,0.05,0.06,0.04,0.02,0.02,0.98,0.44,0.34,0,0.11,0.01,0.07,0,0,0,0,0.01,0,0.09,0.02,0,0,0.01,0,1999540,0.62,0.62,0.55,0.08,0,0.38,1242054,0.12,1074162,0.58,0.58,0.51,210259,0.56,359461,0.63,1071549,0.19,0.04,0.62,0.09,0.02,0.04,41.1,0.05,0.04,0.02,0.1,0.06,0.04,0.08,0.12,0.29,0.1,0.06,0.04,1092754,0.78,0.15,0.07,0,901062,0.12,0.07,0.12,0.1,0.13,0.16,0.11,0.11,0.05,0.04,45024,66350,0.76,74049,0.23,14908,0.1,21370,0.09,9343,0.05,4585,0.24,0.08,0.06,0.12,0.1,0.13,0.17,0.11,0.12,0.06,0.05,51491,74090,24819,336341,32381,50324,31763,43483,42772,2522040,0.86,0.5,0.43,0.14,1638479,1201303,1057381,0.81,0.66,0.17,0.19,143922,0.66,0.27,0.41,0.35,437176,0.83,0.36,0.51,0.17,0.2,0.28,0.24,0.14,0.2,0.17,0.31,0.39,0.34,0.24,0.34,0.33,0.34,0.33,0.21,0.2,0.23,0.22,0.29,901062,0.63,0.29,0.37,0.17,0.06,0.02,0.2,0.1,0.37,0.3,0.1,0.33,0.24,2495350,0.36,0.13,0.33,0.12,0.06,0.02,942348,0.46,0.43,0.02,0.03,0.06,1091051,0.42,0.36,0.04,0.09,0.09,39267,0.38,34,57,19,83,37,0.7,0.61,671247,0.06,0.05,0.38,0.21,0.3,1673492,0.11,0.11,0.28,0.15,0.06,0.19,0.11,0.78,0.3
Manhattan,2011,846177,728520,117657,7247,4440,7946,15334,51969,92735,664975,179,1352,96989,109009,260129,202038,105320,38227,14504,7240,12721,117520,342559,259078,98091,21619,7310,728520,159713,568807,1.96,2.16,576217,137225,13175,1903,286775,8772,140458,265265,703,63,318,15413,10753,7292,10771,33481,686897,24277,17346,3252,1453,1119,951,6493,24435,57340,64670,856700,159713,89700,70013,89403,42327,10008,7057,7182,22829,69329,33614,9464,6014,2694,3285,1893,12365,545371,97927,64985,66280,62801,48558,204820,16.93,73.75,1601948,0.47,0.53,0.05,0.04,0.04,0.05,0.08,0.22,0.15,0.13,0.06,0.06,0.07,0.04,0.02,0.04,0.96,0.56,0.15,0,0.11,0.02,0.06,0.01,0.01,0.01,0,0.01,0,0.14,0.04,0.01,0,0.01,0,1389625,0.67,0.67,0.61,0.06,0,0.33,927996,0.09,743654,0.62,0.62,0.56,90552,0.6,135540,0.69,827925,0.07,0.02,0.59,0.21,0.05,0.06,30.4,0.02,0.04,0.02,0.08,0.02,0.07,0.17,0.2,0.21,0.11,0.05,0.03,844764,0.84,0.09,0.08,0,728520,0.1,0.06,0.09,0.07,0.09,0.12,0.1,0.12,0.08,0.18,69756,131605,0.79,138493,0.23,16543,0.1,31032,0.06,9037,0.03,4386,0.14,0.06,0.05,0.09,0.08,0.09,0.12,0.08,0.11,0.08,0.25,80026,169174,62526,424312,63521,103200,48702,78173,63583,1590568,0.89,0.65,0.31,0.11,1140945,876016,797437,0.87,0.8,0.08,0.13,78579,0.69,0.36,0.35,0.32,264929,0.85,0.48,0.42,0.15,0.15,0.21,0.1,0.08,0.08,0.03,0.31,0.4,0.35,0.18,0.26,0.25,0.2,0.28,0.17,0.17,0.18,0.17,0.2,728520,0.42,0.17,0.26,0.1,0.04,0.01,0.12,0.06,0.58,0.47,0.12,0.19,0.23,1543593,0.47,0.12,0.22,0.08,0.11,0.03,652462,0.53,0.36,0.03,0.02,0.07,749099,0.49,0.3,0.04,0.07,0.1,15713,0.32,15,33,11,34,36,0.78,0.56,333242,0.06,0.04,0.29,0.16,0.46,1193946,0.08,0.06,0.13,0.11,0.03,0.3,0.28,0.86,0.58
Queens,2011,832195,764825,67370,156130,73473,177999,97192,46168,28085,250809,1612,727,31672,33297,168681,204414,165069,114301,48148,26763,39850,36170,215467,271435,227797,54912,26414,764825,328495,436330,3.06,2.78,289618,310041,127160,38006,529744,9301,45187,169736,305,719,392,5289,4152,4651,6950,29404,693611,45371,25843,7115,5925,9037,19135,39879,119636,120050,7718,440700,328495,203139,125356,200294,49091,22146,18831,15453,94773,124349,38004,21448,16542,9182,6800,5637,26736,413387,46110,41767,44542,46413,34799,199756,10.51,35.1,2247848,0.49,0.52,0.06,0.06,0.05,0.06,0.07,0.16,0.14,0.14,0.06,0.05,0.07,0.04,0.02,0.04,0.96,0.42,0.19,0,0.23,0.06,0.09,0.02,0,0.03,0,0.04,0,0.12,0.04,0.01,0,0.01,0,1839607,0.64,0.64,0.57,0.06,0,0.36,1173740,0.1,958357,0.56,0.56,0.51,156523,0.6,285868,0.66,1029442,0.31,0.06,0.53,0.06,0.02,0.02,42,0.07,0.04,0.03,0.12,0.08,0.02,0.08,0.1,0.24,0.12,0.06,0.04,1056776,0.8,0.14,0.06,0,764825,0.07,0.05,0.11,0.1,0.13,0.17,0.13,0.15,0.06,0.04,56211,73625,0.8,77608,0.26,16359,0.13,23809,0.05,9246,0.03,3919,0.14,0.05,0.04,0.1,0.09,0.13,0.17,0.14,0.17,0.07,0.05,64078,81354,26409,250176,37976,52341,32005,43846,43399,2232296,0.81,0.53,0.36,0.19,1488221,1126662,1015735,0.76,0.63,0.14,0.24,110927,0.62,0.33,0.31,0.38,361559,0.75,0.41,0.39,0.26,0.13,0.18,0.12,0.1,0.12,0.09,0.23,0.31,0.24,0.16,0.21,0.21,0.19,0.22,0.15,0.14,0.15,0.14,0.26,764825,0.67,0.29,0.44,0.2,0.07,0.02,0.17,0.07,0.33,0.27,0.1,0.34,0.27,2220640,0.34,0.15,0.3,0.13,0.07,0.02,893815,0.42,0.47,0.03,0.02,0.06,970725,0.35,0.42,0.04,0.1,0.1,32607,0.28,28,55,18,84,35,0.67,0.69,549289,0.06,0.05,0.36,0.21,0.32,1571088,0.1,0.09,0.28,0.15,0.07,0.19,0.11,0.8,0.31
Staten Island,2011,176821,161785,15036,55868,43811,46728,6917,3077,3212,16811,397,0,4028,3108,20170,24237,32543,37122,26399,12658,16556,4417,26767,38798,77485,21831,7523,161785,111548,50237,2.96,2.61,25942,62036,53945,19862,141695,1459,5298,12270,0,173,0,446,444,2446,2071,3421,155510,4212,2063,1578,480,2152,1108,11526,56390,35615,2699,441000,111548,79961,31587,79758,20838,11125,9060,6571,32164,31367,8365,6425,4891,2560,1480,1715,5931,46986,5710,8270,5449,4285,4035,19237,7.23,28.2,470467,0.49,0.52,0.06,0.06,0.07,0.07,0.07,0.13,0.14,0.15,0.07,0.06,0.07,0.04,0.02,0.02,0.99,0.77,0.11,0,0.08,0.02,0.02,0.01,0,0.01,0,0.01,0,0.03,0.02,0,0,0,0,375197,0.6,0.6,0.55,0.05,0,0.4,224132,0.08,195985,0.53,0.53,0.49,34517,0.58,71510,0.61,201695,0.56,0.09,0.29,0.03,0.01,0.02,41.3,0.07,0.03,0.02,0.09,0.07,0.02,0.11,0.12,0.28,0.05,0.04,0.09,205619,0.74,0.22,0.04,0,161785,0.06,0.03,0.08,0.07,0.1,0.16,0.15,0.17,0.11,0.07,74345,90719,0.78,95886,0.31,18651,0.2,30431,0.05,9228,0.04,3944,0.12,0.04,0.03,0.05,0.06,0.1,0.15,0.16,0.2,0.12,0.09,86339,102207,31868,41645,38778,51905,45330,64508,54022,466537,0.93,0.71,0.3,0.08,299484,213481,195658,0.91,0.84,0.08,0.09,17823,0.74,0.44,0.35,0.26,86003,0.89,0.6,0.34,0.11,0.09,0.13,0.21,0.04,0.06,0.09,0.26,0.36,0.54,0.12,0.18,0.17,0.25,0.15,0.1,0.1,0.09,0.1,0.24,161785,0.74,0.34,0.56,0.25,0.05,0.02,0.14,0.07,0.26,0.23,0.09,0.37,0.27,461543,0.35,0.2,0.34,0.09,0.03,0.01,182707,0.35,0.55,0.01,0.04,0.05,199319,0.29,0.49,0.03,0.11,0.08,7090,0.26,31,60,24,117,24,0.55,0.81,120424,0.05,0.06,0.38,0.22,0.3,317982,0.05,0.07,0.33,0.18,0.07,0.18,0.12,0.88,0.3
NYC,2010,3343424,3047249,296175,318289,229995,453635,333704,231226,212066,1558533,3760,2216,203108,229969,826545,833182,560717,331018,144955,82866,131064,241149,1049654,1063982,717285,178281,93073,3047249,1006657,2040592,2.734285714,2.601428571,1664376,959320,331693,91860,1656438,44094,251658,1023630,2566,1792,771,35932,30368,26286,36345,154229,2793357,163155,90737,24526,23995,23316,34898,82053,297530,413181,107158,513900,1006657,643128,363529,639598,178992,74075,64652,51519,270360,359693,130663,56916,39706,26567,19977,15596,70268,1947856,280576,226178,226780,214409,174879,825034,12.52,49.32,8184899,0.48,0.53,0.06,0.06,0.06,0.07,0.08,0.17,0.14,0.14,0.06,0.05,0.07,0.04,0.02,0.03,0.97,0.45,0.25,0,0.13,0.02,0.06,0.01,0,0.01,0,0.02,0,0.14,0.03,0.01,0,0.01,0,6629471,0.63,0.63,0.56,0.07,0,0.37,4165479,0.11,3535242,0.58,0.58,0.51,585822,0.58,1095239,0.65,3615588,0.23,0.05,0.56,0.1,0.02,0.04,38.7,0.05,0.04,0.02,0.1,0.06,0.04,0.1,0.12,0.26,0.1,0.06,0.04,3698788,0.79,0.14,0.07,0,3039467,0.1,0.06,0.11,0.1,0.12,0.15,0.11,0.13,0.06,0.07,52661,82851,0.78,89412,0.24,16200,0.12,24313,0.08,9245,0.04,4403,0.19,0.07,0.05,0.1,0.1,0.13,0.16,0.11,0.14,0.07,0.08,58085,91643,31844,1186751,40416,65396,34899,48485,45466,8113847,0.85,0.55,0.38,0.15,5384052,3990607,3547461,0.81,0.69,0.14,0.19,443146,0.65,0.3,0.38,0.35,1393445,0.8,0.39,0.46,0.2,0.17,0.25,0.21,0.1,0.15,0.11,0.31,0.41,0.41,0.2,0.3,0.3,0.3,0.3,0.17,0.17,0.17,0.19,0.26,3039467,0.61,0.28,0.36,0.16,0.06,0.02,0.19,0.1,0.39,0.32,0.1,0.32,0.25,8019368,0.38,0.14,0.31,0.11,0.07,0.02,3144035,0.47,0.42,0.03,0.02,0.06,3583695,0.42,0.36,0.04,0.09,0.09,116378,0.37,30,51,28,75,31,0.73,0.58,2078583,0.06,0.05,0.37,0.21,0.32,5548124,0.11,0.1,0.25,0.15,0.06,0.2,0.13,0.8,0.33
Bronx,2010,509665,472464,37201,31898,22575,45458,45801,20396,28545,313884,609,499,21054,17791,152183,151254,92280,42322,13299,7948,11534,23465,174654,172347,109469,19542,10188,472464,97786,374678,2.697857143,2.6075,277959,144073,40560,9872,145744,5447,34824,276609,637,230,99,4514,4360,4346,4768,27949,421299,34880,16285,7392,6251,5233,4531,9676,40534,22524,1645,386200,97786,60081,37705,59836,14816,6491,5612,5022,27895,37418,15932,5218,3605,2615,1982,1409,6657,360217,40884,38679,41176,40701,31684,167093,14.13,62.11,1386657,0.47,0.53,0.07,0.07,0.07,0.08,0.08,0.15,0.14,0.13,0.05,0.05,0.06,0.03,0.02,0.04,0.96,0.23,0.35,0.01,0.03,0.01,0.01,0,0,0,0,0.01,0,0.34,0.04,0.01,0,0,0,1063397,0.59,0.59,0.49,0.09,0,0.41,623302,0.16,578490,0.55,0.55,0.46,116520,0.63,231847,0.69,507594,0.23,0.05,0.6,0.08,0.02,0.03,42.9,0.06,0.04,0.02,0.12,0.07,0.02,0.07,0.08,0.32,0.11,0.07,0.03,524948,0.79,0.16,0.05,0,471912,0.14,0.1,0.14,0.11,0.13,0.16,0.09,0.08,0.03,0.02,35391,49542,0.73,55027,0.24,14055,0.11,20578,0.13,9134,0.08,3435,0.36,0.12,0.08,0.15,0.12,0.14,0.17,0.1,0.09,0.03,0.02,39644,54061,18102,157294,23171,35040,25975,37533,37168,1359933,0.84,0.42,0.5,0.16,854401,598786,505274,0.76,0.59,0.2,0.24,93512,0.66,0.19,0.52,0.34,255615,0.81,0.27,0.59,0.19,0.28,0.37,0.36,0.13,0.2,0.15,0.42,0.51,0.52,0.3,0.43,0.43,0.45,0.42,0.26,0.26,0.23,0.29,0.37,471912,0.67,0.37,0.27,0.13,0.08,0.04,0.32,0.2,0.33,0.29,0.1,0.41,0.23,1341367,0.35,0.1,0.37,0.13,0.06,0.03,496426,0.52,0.34,0.04,0.02,0.08,589309,0.47,0.27,0.07,0.09,0.11,23016,0.59,51,60,49,96,27,0.73,0.57,394250,0.05,0.05,0.42,0.24,0.24,857048,0.15,0.16,0.29,0.17,0.07,0.11,0.06,0.69,0.17
Brooklyn,2010,986482,903991,82491,56650,84375,178212,172339,110594,56804,326150,1085,273,47373,56588,226386,267983,179596,95874,40543,24353,47786,52354,285942,343215,211070,56581,37320,903991,274203,629788,2.661428571,2.613571429,510338,297887,78588,17178,634843,15035,43954,195726,640,778,301,6508,6206,6564,7724,41148,815045,56971,31975,4661,6276,5081,7732,18948,69767,136250,25488,562400,274203,179507,94696,177986,42264,19967,17981,15095,82679,93628,27354,15119,11132,8322,5914,4607,21180,598078,77444,66917,67786,65471,55763,264697,13.8,47.45,2508340,0.47,0.53,0.07,0.06,0.06,0.07,0.08,0.17,0.14,0.13,0.06,0.05,0.06,0.04,0.02,0.02,0.98,0.45,0.34,0.01,0.11,0.01,0.07,0,0,0,0,0.01,0,0.08,0.02,0,0,0.01,0,1984132,0.62,0.62,0.55,0.07,0,0.38,1219822,0.11,1067078,0.57,0.57,0.51,199348,0.54,362521,0.62,1067431,0.19,0.05,0.61,0.09,0.02,0.05,40.7,0.06,0.04,0.02,0.1,0.06,0.04,0.08,0.13,0.29,0.09,0.06,0.04,1087107,0.78,0.15,0.07,0,905317,0.11,0.07,0.11,0.11,0.13,0.15,0.1,0.12,0.05,0.04,45755,68059,0.77,75822,0.23,15381,0.1,21700,0.09,9549,0.05,4669,0.22,0.09,0.05,0.1,0.11,0.14,0.16,0.1,0.13,0.06,0.05,50480,74386,25212,324864,33850,52613,33867,44317,42525,2493635,0.86,0.51,0.41,0.15,1619834,1179710,1052196,0.82,0.67,0.16,0.19,127514,0.63,0.26,0.41,0.37,440124,0.81,0.35,0.51,0.2,0.2,0.28,0.24,0.14,0.19,0.16,0.31,0.41,0.42,0.23,0.34,0.34,0.35,0.33,0.2,0.2,0.21,0.22,0.28,905317,0.64,0.3,0.37,0.18,0.06,0.02,0.21,0.1,0.36,0.28,0.1,0.34,0.24,2467003,0.37,0.14,0.33,0.11,0.06,0.02,932861,0.46,0.44,0.03,0.02,0.05,1083224,0.43,0.37,0.04,0.09,0.08,37439,0.35,30,54,22,84,30,0.73,0.59,671979,0.06,0.06,0.38,0.21,0.3,1649387,0.12,0.1,0.29,0.15,0.06,0.18,0.11,0.78,0.29
Manhattan,2010,839013,732204,106809,5188,6701,8065,18834,47511,97207,654122,408,977,102127,113685,259712,201441,90474,35934,14500,7991,13149,125838,347368,248704,88965,19417,8721,732204,167031,565173,2.625,2.619642857,568824,145120,15825,2435,234754,10133,126006,325815,850,189,277,18949,15231,6553,9847,45311,690885,22544,18775,4417,2143,1585,1737,6038,25582,58605,66924,825200,167031,99781,67250,99291,47450,12369,8136,5979,25357,66537,34634,7710,5639,3749,2604,2052,10149,542073,106557,67706,64552,59361,47394,196503,16.93,73.75,1586698,0.47,0.53,0.05,0.04,0.04,0.05,0.09,0.22,0.15,0.13,0.06,0.05,0.07,0.04,0.02,0.04,0.96,0.58,0.16,0,0.11,0.02,0.06,0.01,0.01,0.01,0,0.01,0,0.11,0.04,0.02,0,0.01,0,1379309,0.67,0.67,0.61,0.06,0,0.33,924189,0.09,740498,0.62,0.62,0.57,88611,0.64,135053,0.66,823612,0.07,0.02,0.59,0.21,0.05,0.07,30.1,0.02,0.04,0.02,0.07,0.03,0.06,0.16,0.19,0.23,0.11,0.04,0.03,839414,0.83,0.09,0.08,0,726090,0.09,0.05,0.09,0.07,0.09,0.13,0.1,0.13,0.07,0.17,69221,129433,0.8,137399,0.22,16862,0.1,28651,0.06,8777,0.03,4723,0.13,0.06,0.04,0.09,0.08,0.1,0.11,0.09,0.12,0.08,0.25,84732,173003,61412,420411,60496,96214,49579,77017,65590,1576232,0.89,0.67,0.31,0.11,1131202,871281,791534,0.87,0.81,0.08,0.13,79747,0.69,0.41,0.32,0.31,259921,0.86,0.51,0.4,0.14,0.12,0.19,0.13,0.05,0.07,0.04,0.28,0.37,0.37,0.16,0.22,0.22,0.17,0.24,0.15,0.15,0.17,0.14,0.2,726090,0.42,0.16,0.27,0.1,0.03,0.01,0.12,0.05,0.58,0.46,0.12,0.18,0.23,1539694,0.47,0.13,0.22,0.07,0.11,0.03,644723,0.53,0.35,0.02,0.02,0.07,745927,0.49,0.3,0.03,0.08,0.11,18043,0.28,15,38,26,40,38,0.79,0.34,339512,0.07,0.04,0.27,0.16,0.46,1171294,0.08,0.06,0.13,0.11,0.04,0.3,0.28,0.86,0.58
Queens,2010,832357,774311,58046,165460,71388,181200,88965,49746,27031,247124,1038,405,29897,38826,169165,187970,166022,118523,51756,28948,41250,36434,217947,260552,229738,58722,28964,774311,352110,422201,2.588571429,2.625714286,281418,311536,140231,41126,500211,11598,41901,209813,397,538,82,5630,4141,8226,13029,36818,707297,44604,22410,6826,8317,10354,18659,38418,106470,153400,9666,479300,352110,219897,132213,218964,52778,23560,22491,18059,102076,130745,43396,22702,15038,9676,7513,6183,26237,402910,50358,47642,48422,44161,35785,176542,10.51,35.1,2233841,0.48,0.52,0.06,0.05,0.06,0.06,0.07,0.16,0.15,0.15,0.06,0.05,0.07,0.04,0.02,0.03,0.97,0.42,0.18,0,0.23,0.06,0.09,0.02,0,0.03,0,0.03,0,0.13,0.03,0.01,0,0.01,0,1827635,0.65,0.65,0.57,0.07,0,0.36,1178901,0.11,953643,0.57,0.57,0.51,148279,0.59,292185,0.66,1019618,0.33,0.07,0.5,0.05,0.02,0.03,41.1,0.07,0.05,0.03,0.11,0.08,0.03,0.09,0.1,0.23,0.11,0.07,0.05,1047992,0.79,0.14,0.07,0,772332,0.06,0.05,0.1,0.1,0.13,0.18,0.13,0.15,0.06,0.04,57569,74491,0.81,77190,0.26,16937,0.14,22729,0.05,9255,0.03,4952,0.14,0.05,0.03,0.08,0.09,0.13,0.18,0.14,0.17,0.08,0.05,65547,82529,26636,244603,38445,51534,33924,44489,43976,2220379,0.81,0.54,0.36,0.19,1480924,1129826,1006705,0.76,0.64,0.14,0.24,123121,0.6,0.31,0.32,0.4,351098,0.73,0.39,0.39,0.27,0.12,0.18,0.15,0.09,0.13,0.1,0.21,0.3,0.29,0.15,0.22,0.22,0.23,0.21,0.13,0.13,0.12,0.13,0.25,772332,0.68,0.29,0.45,0.2,0.08,0.03,0.16,0.07,0.32,0.26,0.09,0.34,0.28,2211669,0.35,0.16,0.3,0.13,0.06,0.02,887987,0.42,0.48,0.02,0.02,0.06,966892,0.35,0.43,0.03,0.1,0.09,30862,0.31,29,52,14,83,31,0.7,0.67,548221,0.06,0.05,0.36,0.21,0.32,1554325,0.11,0.09,0.28,0.16,0.08,0.19,0.1,0.8,0.29
Staten Island,2010,175907,164279,11628,59093,44956,40700,7765,2979,2479,17253,620,62,2657,3079,19099,24534,32345,38365,24857,13626,17345,3058,23743,39164,78043,24019,7880,164279,115527,48752,2.552142857,2.631785714,25837,60704,56489,21249,140886,1881,4973,15667,42,57,12,331,430,597,977,3003,158831,4156,1292,1230,1008,1063,2239,8973,55177,42402,3435,461700,115527,83862,31665,83521,21684,11688,10432,7364,32353,31365,9347,6167,4292,2205,1964,1345,6045,44578,5333,5234,4844,4715,4253,20199,7.23,28.2,469363,0.49,0.52,0.06,0.06,0.07,0.07,0.07,0.13,0.14,0.15,0.06,0.06,0.07,0.04,0.02,0.02,0.98,0.76,0.1,0,0.08,0.02,0.02,0.01,0,0.01,0,0.02,0,0.04,0.02,0.01,0,0,0,374998,0.59,0.59,0.53,0.05,0,0.41,219265,0.09,195533,0.52,0.52,0.48,33064,0.47,73633,0.59,197333,0.56,0.08,0.29,0.03,0.01,0.02,40.1,0.08,0.03,0.01,0.1,0.07,0.03,0.11,0.1,0.29,0.06,0.05,0.08,199327,0.72,0.24,0.04,0,163816,0.06,0.04,0.08,0.08,0.09,0.14,0.13,0.21,0.1,0.08,76362,93497,0.77,99744,0.28,19515,0.19,32857,0.05,9546,0.04,4864,0.1,0.05,0.02,0.05,0.07,0.09,0.14,0.13,0.23,0.12,0.1,89777,105978,32708,39579,33255,49275,45728,66338,54407,463668,0.93,0.74,0.28,0.07,297691,211004,191752,0.93,0.87,0.08,0.07,19252,0.73,0.56,0.2,0.27,86687,0.87,0.6,0.33,0.13,0.1,0.14,0.12,0.06,0.09,0.06,0.24,0.32,0.33,0.12,0.17,0.17,0.2,0.16,0.1,0.1,0.12,0.1,0.23,163816,0.76,0.35,0.58,0.27,0.05,0.01,0.14,0.07,0.24,0.21,0.09,0.37,0.26,459635,0.36,0.21,0.35,0.07,0.03,0.01,182038,0.36,0.56,0.01,0.02,0.05,198343,0.29,0.52,0.02,0.1,0.08,7018,0.26,31,60,48,96,34,0.63,0.69,124621,0.05,0.05,0.4,0.21,0.29,316070,0.05,0.07,0.32,0.18,0.07,0.2,0.11,0.88,0.31
